{"timestamp":"2026-06-26T10:33:20.076360Z","level":"INFO","fields":{"message":"python/3.14.3; huggingface_hub/1.21.0; hf_xet/1.5.1; , xet-core revision 9dc8c18-modified"},"filename":"D:\\a\\xet-core\\xet-core\\xet_runtime\\src\\logging\\init.rs","line_number":65}
{"timestamp":"2026-06-26T10:33:20.076505Z","level":"INFO","fields":{"message":"hf_xet logging configured."},"filename":"src\\logging.rs","line_number":36}
{"timestamp":"2026-06-26T10:33:20.076953Z","level":"INFO","fields":{"message":"Config: min_spacing_between_global_dedup_queries = 256 (default)"},"filename":"D:\\a\\xet-core\\xet-core\\xet_runtime\\src\\utils\\configuration_utils.rs","line_number":53}
{"timestamp":"2026-06-26T10:33:20.076982Z","level":"INFO","fields":{"message":"Config: local_cas_scheme = \"local://\" (default)"},"filename":"D:\\a\\xet-core\\xet-core\\xet_runtime\\src\\utils\\configuration_utils.rs","line_number":53}
{"timestamp":"2026-06-26T10:33:20.077005Z","level":"INFO","fields":{"message":"Config: max_concurrent_file_ingestion = 8 (default)"},"filename":"D:\\a\\xet-core\\xet-core\\xet_runtime\\src\\utils\\configuration_utils.rs","line_number":53}
{"timestamp":"2026-06-26T10:33:20.077020Z","level":"INFO","fields":{"message":"Config: max_concurrent_file_downloads = 8 (default)"},"filename":"D:\\a\\xet-core\\xet-core\\xet_runtime\\src\\utils\\configuration_utils.rs","line_number":53}
{"timestamp":"2026-06-26T10:33:20.077038Z","level":"INFO","fields":{"message":"Config: ingestion_block_size = 8MB (default)"},"filename":"D:\\a\\xet-core\\xet-core\\xet_runtime\\src\\utils\\configuration_utils.rs","line_number":53}
{"timestamp":"2026-06-26T10:33:20.077059Z","level":"INFO","fields":{"message":"Config: progress_update_interval = 200ms (default)"},"filename":"D:\\a\\xet-core\\xet-core\\xet_runtime\\src\\utils\\configuration_utils.rs","line_number":53}
{"timestamp":"2026-06-26T10:33:20.077090Z","level":"INFO","fields":{"message":"Config: progress_update_speed_sampling_window = 10s (default)"},"filename":"D:\\a\\xet-core\\xet-core\\xet_runtime\\src\\utils\\configuration_utils.rs","line_number":53}
{"timestamp":"2026-06-26T10:33:20.077106Z","level":"INFO","fields":{"message":"Config: progress_update_speed_min_observations = 4 (default)"},"filename":"D:\\a\\xet-core\\xet-core\\xet_runtime\\src\\utils\\configuration_utils.rs","line_number":53}
{"timestamp":"2026-06-26T10:33:20.077130Z","level":"INFO","fields":{"message":"Config: session_xorb_metadata_flush_interval = 20s (default)"},"filename":"D:\\a\\xet-core\\xet-core\\xet_runtime\\src\\utils\\configuration_utils.rs","line_number":53}
{"timestamp":"2026-06-26T10:33:20.077146Z","level":"INFO","fields":{"message":"Config: session_xorb_metadata_flush_max_count = 64 (default)"},"filename":"D:\\a\\xet-core\\xet-core\\xet_runtime\\src\\utils\\configuration_utils.rs","line_number":53}
{"timestamp":"2026-06-26T10:33:20.077162Z","level":"INFO","fields":{"message":"Config: default_cas_endpoint = \"http://localhost:8080\" (default)"},"filename":"D:\\a\\xet-core\\xet-core\\xet_runtime\\src\\utils\\configuration_utils.rs","line_number":53}
{"timestamp":"2026-06-26T10:33:20.077178Z","level":"INFO","fields":{"message":"Config: aggregate_progress = true (default)"},"filename":"D:\\a\\xet-core\\xet-core\\xet_runtime\\src\\utils\\configuration_utils.rs","line_number":53}
{"timestamp":"2026-06-26T10:33:20.077194Z","level":"INFO","fields":{"message":"Config: default_prefix = \"default\" (default)"},"filename":"D:\\a\\xet-core\\xet-core\\xet_runtime\\src\\utils\\configuration_utils.rs","line_number":53}
{"timestamp":"2026-06-26T10:33:20.077212Z","level":"INFO","fields":{"message":"Config: staging_subdir = \"staging\" (default)"},"filename":"D:\\a\\xet-core\\xet-core\\xet_runtime\\src\\utils\\configuration_utils.rs","line_number":53}
{"timestamp":"2026-06-26T10:33:20.077231Z","level":"INFO","fields":{"message":"Config: target_size = 67108864 (default)"},"filename":"D:\\a\\xet-core\\xet-core\\xet_runtime\\src\\utils\\configuration_utils.rs","line_number":53}
{"timestamp":"2026-06-26T10:33:20.077251Z","level":"INFO","fields":{"message":"Config: max_target_size = 67108864 (default)"},"filename":"D:\\a\\xet-core\\xet-core\\xet_runtime\\src\\utils\\configuration_utils.rs","line_number":53}
{"timestamp":"2026-06-26T10:33:20.077282Z","level":"INFO","fields":{"message":"Config: cache_size_limit = 16GB (default)"},"filename":"D:\\a\\xet-core\\xet-core\\xet_runtime\\src\\utils\\configuration_utils.rs","line_number":53}
{"timestamp":"2026-06-26T10:33:20.077298Z","level":"INFO","fields":{"message":"Config: chunk_index_table_max_size = 67108864 (default)"},"filename":"D:\\a\\xet-core\\xet-core\\xet_runtime\\src\\utils\\configuration_utils.rs","line_number":53}
{"timestamp":"2026-06-26T10:33:20.077308Z","level":"INFO","fields":{"message":"Config: cache_subdir = \"shard-cache\" (default)"},"filename":"D:\\a\\xet-core\\xet-core\\xet_runtime\\src\\utils\\configuration_utils.rs","line_number":53}
{"timestamp":"2026-06-26T10:33:20.077319Z","level":"INFO","fields":{"message":"Config: nranges_in_streaming_fragmentation_estimator = 128 (default)"},"filename":"D:\\a\\xet-core\\xet-core\\xet_runtime\\src\\utils\\configuration_utils.rs","line_number":53}
{"timestamp":"2026-06-26T10:33:20.077330Z","level":"INFO","fields":{"message":"Config: min_n_chunks_per_range_hysteresis_factor = 0.5 (default)"},"filename":"D:\\a\\xet-core\\xet-core\\xet_runtime\\src\\utils\\configuration_utils.rs","line_number":53}
{"timestamp":"2026-06-26T10:33:20.077363Z","level":"INFO","fields":{"message":"Config: min_n_chunks_per_range = 8.0 (default)"},"filename":"D:\\a\\xet-core\\xet-core\\xet_runtime\\src\\utils\\configuration_utils.rs","line_number":53}
{"timestamp":"2026-06-26T10:33:20.077374Z","level":"INFO","fields":{"message":"Config: global_dedup_query_enabled = true (default)"},"filename":"D:\\a\\xet-core\\xet-core\\xet_runtime\\src\\utils\\configuration_utils.rs","line_number":53}
{"timestamp":"2026-06-26T10:33:20.077383Z","level":"INFO","fields":{"message":"Config: size_bytes = 0 (default)"},"filename":"D:\\a\\xet-core\\xet-core\\xet_runtime\\src\\utils\\configuration_utils.rs","line_number":53}
{"timestamp":"2026-06-26T10:33:20.077391Z","level":"INFO","fields":{"message":"Config: retry_max_attempts = 5 (default)"},"filename":"D:\\a\\xet-core\\xet-core\\xet_runtime\\src\\utils\\configuration_utils.rs","line_number":53}
{"timestamp":"2026-06-26T10:33:20.077400Z","level":"INFO","fields":{"message":"Config: retry_base_delay = 3s (default)"},"filename":"D:\\a\\xet-core\\xet-core\\xet_runtime\\src\\utils\\configuration_utils.rs","line_number":53}
{"timestamp":"2026-06-26T10:33:20.077409Z","level":"INFO","fields":{"message":"Config: retry_max_duration = 360s (default)"},"filename":"D:\\a\\xet-core\\xet-core\\xet_runtime\\src\\utils\\configuration_utils.rs","line_number":53}
{"timestamp":"2026-06-26T10:33:20.077417Z","level":"INFO","fields":{"message":"Config: idle_connection_timeout = 60s (default)"},"filename":"D:\\a\\xet-core\\xet-core\\xet_runtime\\src\\utils\\configuration_utils.rs","line_number":53}
{"timestamp":"2026-06-26T10:33:20.077426Z","level":"INFO","fields":{"message":"Config: max_idle_connections = 16 (default)"},"filename":"D:\\a\\xet-core\\xet-core\\xet_runtime\\src\\utils\\configuration_utils.rs","line_number":53}
{"timestamp":"2026-06-26T10:33:20.077435Z","level":"INFO","fields":{"message":"Config: connect_timeout = 60s (default)"},"filename":"D:\\a\\xet-core\\xet-core\\xet_runtime\\src\\utils\\configuration_utils.rs","line_number":53}
{"timestamp":"2026-06-26T10:33:20.077443Z","level":"INFO","fields":{"message":"Config: read_timeout = 300s (default)"},"filename":"D:\\a\\xet-core\\xet-core\\xet_runtime\\src\\utils\\configuration_utils.rs","line_number":53}
{"timestamp":"2026-06-26T10:33:20.077453Z","level":"INFO","fields":{"message":"Config: upload_reporting_block_size = 524288 (default)"},"filename":"D:\\a\\xet-core\\xet-core\\xet_runtime\\src\\utils\\configuration_utils.rs","line_number":53}
{"timestamp":"2026-06-26T10:33:20.077463Z","level":"INFO","fields":{"message":"Config: enable_adaptive_concurrency = true (default)"},"filename":"D:\\a\\xet-core\\xet-core\\xet_runtime\\src\\utils\\configuration_utils.rs","line_number":53}
{"timestamp":"2026-06-26T10:33:20.077482Z","level":"INFO","fields":{"message":"Config: ac_min_adjustment_window_ms = 500 (default)"},"filename":"D:\\a\\xet-core\\xet-core\\xet_runtime\\src\\utils\\configuration_utils.rs","line_number":53}
{"timestamp":"2026-06-26T10:33:20.077493Z","level":"INFO","fields":{"message":"Config: ac_min_bytes_required_for_adjustment = 20MB (default)"},"filename":"D:\\a\\xet-core\\xet-core\\xet_runtime\\src\\utils\\configuration_utils.rs","line_number":53}
{"timestamp":"2026-06-26T10:33:20.077502Z","level":"INFO","fields":{"message":"Config: ac_num_transmissions_required_for_adjustment = 1 (default)"},"filename":"D:\\a\\xet-core\\xet-core\\xet_runtime\\src\\utils\\configuration_utils.rs","line_number":53}
{"timestamp":"2026-06-26T10:33:20.077511Z","level":"INFO","fields":{"message":"Config: ac_latency_rtt_half_life = 64.0 (default)"},"filename":"D:\\a\\xet-core\\xet-core\\xet_runtime\\src\\utils\\configuration_utils.rs","line_number":53}
{"timestamp":"2026-06-26T10:33:20.077521Z","level":"INFO","fields":{"message":"Config: ac_success_tracking_half_life = 8.0 (default)"},"filename":"D:\\a\\xet-core\\xet-core\\xet_runtime\\src\\utils\\configuration_utils.rs","line_number":53}
{"timestamp":"2026-06-26T10:33:20.077529Z","level":"INFO","fields":{"message":"Config: ac_target_rtt = 60s (default)"},"filename":"D:\\a\\xet-core\\xet-core\\xet_runtime\\src\\utils\\configuration_utils.rs","line_number":53}
{"timestamp":"2026-06-26T10:33:20.077539Z","level":"INFO","fields":{"message":"Config: ac_max_healthy_rtt = 90s (default)"},"filename":"D:\\a\\xet-core\\xet-core\\xet_runtime\\src\\utils\\configuration_utils.rs","line_number":53}
{"timestamp":"2026-06-26T10:33:20.077548Z","level":"INFO","fields":{"message":"Config: ac_rtt_success_max_quantile = 0.95 (default)"},"filename":"D:\\a\\xet-core\\xet-core\\xet_runtime\\src\\utils\\configuration_utils.rs","line_number":53}
{"timestamp":"2026-06-26T10:33:20.077557Z","level":"INFO","fields":{"message":"Config: ac_healthy_success_ratio_threshold = 0.8 (default)"},"filename":"D:\\a\\xet-core\\xet-core\\xet_runtime\\src\\utils\\configuration_utils.rs","line_number":53}
{"timestamp":"2026-06-26T10:33:20.077567Z","level":"INFO","fields":{"message":"Config: ac_unhealthy_success_ratio_threshold = 0.5 (default)"},"filename":"D:\\a\\xet-core\\xet-core\\xet_runtime\\src\\utils\\configuration_utils.rs","line_number":53}
{"timestamp":"2026-06-26T10:33:20.077577Z","level":"INFO","fields":{"message":"Config: ac_max_reference_transmission_size = 64MB (default)"},"filename":"D:\\a\\xet-core\\xet-core\\xet_runtime\\src\\utils\\configuration_utils.rs","line_number":53}
{"timestamp":"2026-06-26T10:33:20.077586Z","level":"INFO","fields":{"message":"Config: ac_min_reference_transmission_size = 1MB (default)"},"filename":"D:\\a\\xet-core\\xet-core\\xet_runtime\\src\\utils\\configuration_utils.rs","line_number":53}
{"timestamp":"2026-06-26T10:33:20.077595Z","level":"INFO","fields":{"message":"Config: ac_logging_interval_ms = 10000 (default)"},"filename":"D:\\a\\xet-core\\xet-core\\xet_runtime\\src\\utils\\configuration_utils.rs","line_number":53}
{"timestamp":"2026-06-26T10:33:20.077605Z","level":"INFO","fields":{"message":"Config: ac_max_upload_concurrency = 64 (default)"},"filename":"D:\\a\\xet-core\\xet-core\\xet_runtime\\src\\utils\\configuration_utils.rs","line_number":53}
{"timestamp":"2026-06-26T10:33:20.077614Z","level":"INFO","fields":{"message":"Config: ac_min_upload_concurrency = 1 (default)"},"filename":"D:\\a\\xet-core\\xet-core\\xet_runtime\\src\\utils\\configuration_utils.rs","line_number":53}
{"timestamp":"2026-06-26T10:33:20.077624Z","level":"INFO","fields":{"message":"Config: ac_initial_upload_concurrency = 2 (default)"},"filename":"D:\\a\\xet-core\\xet-core\\xet_runtime\\src\\utils\\configuration_utils.rs","line_number":53}
{"timestamp":"2026-06-26T10:33:20.077634Z","level":"INFO","fields":{"message":"Config: ac_max_download_concurrency = 64 (default)"},"filename":"D:\\a\\xet-core\\xet-core\\xet_runtime\\src\\utils\\configuration_utils.rs","line_number":53}
{"timestamp":"2026-06-26T10:33:20.077644Z","level":"INFO","fields":{"message":"Config: ac_min_download_concurrency = 1 (default)"},"filename":"D:\\a\\xet-core\\xet-core\\xet_runtime\\src\\utils\\configuration_utils.rs","line_number":53}
{"timestamp":"2026-06-26T10:33:20.077654Z","level":"INFO","fields":{"message":"Config: ac_initial_download_concurrency = 4 (default)"},"filename":"D:\\a\\xet-core\\xet-core\\xet_runtime\\src\\utils\\configuration_utils.rs","line_number":53}
{"timestamp":"2026-06-26T10:33:20.077662Z","level":"INFO","fields":{"message":"Config: unix_socket_path = None (default)"},"filename":"D:\\a\\xet-core\\xet-core\\xet_runtime\\src\\utils\\configuration_utils.rs","line_number":53}
{"timestamp":"2026-06-26T10:33:20.077679Z","level":"INFO","fields":{"message":"Config: reconstruction_api_version = None (default)"},"filename":"D:\\a\\xet-core\\xet-core\\xet_runtime\\src\\utils\\configuration_utils.rs","line_number":53}
{"timestamp":"2026-06-26T10:33:20.077695Z","level":"INFO","fields":{"message":"Config: enable_multirange_fetching = false (default)"},"filename":"D:\\a\\xet-core\\xet-core\\xet_runtime\\src\\utils\\configuration_utils.rs","line_number":53}
{"timestamp":"2026-06-26T10:33:20.077703Z","level":"INFO","fields":{"message":"Config: dest = None (default)"},"filename":"D:\\a\\xet-core\\xet-core\\xet_runtime\\src\\utils\\configuration_utils.rs","line_number":53}
{"timestamp":"2026-06-26T10:33:20.077711Z","level":"INFO","fields":{"message":"Config: format = None (default)"},"filename":"D:\\a\\xet-core\\xet-core\\xet_runtime\\src\\utils\\configuration_utils.rs","line_number":53}
{"timestamp":"2026-06-26T10:33:20.077720Z","level":"INFO","fields":{"message":"Config: prefix = \"xet\" (default)"},"filename":"D:\\a\\xet-core\\xet-core\\xet_runtime\\src\\utils\\configuration_utils.rs","line_number":53}
{"timestamp":"2026-06-26T10:33:20.077729Z","level":"INFO","fields":{"message":"Config: dir_disable_cleanup = false (default)"},"filename":"D:\\a\\xet-core\\xet-core\\xet_runtime\\src\\utils\\configuration_utils.rs","line_number":53}
{"timestamp":"2026-06-26T10:33:20.077738Z","level":"INFO","fields":{"message":"Config: dir_max_size = 250MB (default)"},"filename":"D:\\a\\xet-core\\xet-core\\xet_runtime\\src\\utils\\configuration_utils.rs","line_number":53}
{"timestamp":"2026-06-26T10:33:20.077746Z","level":"INFO","fields":{"message":"Config: dir_min_deletion_age = 86400s (default)"},"filename":"D:\\a\\xet-core\\xet-core\\xet_runtime\\src\\utils\\configuration_utils.rs","line_number":53}
{"timestamp":"2026-06-26T10:33:20.077755Z","level":"INFO","fields":{"message":"Config: dir_max_retention_age = 1209600s (default)"},"filename":"D:\\a\\xet-core\\xet-core\\xet_runtime\\src\\utils\\configuration_utils.rs","line_number":53}
{"timestamp":"2026-06-26T10:33:20.077766Z","level":"INFO","fields":{"message":"Config: min_reconstruction_fetch_size = 256MB (default)"},"filename":"D:\\a\\xet-core\\xet-core\\xet_runtime\\src\\utils\\configuration_utils.rs","line_number":53}
{"timestamp":"2026-06-26T10:33:20.077775Z","level":"INFO","fields":{"message":"Config: max_reconstruction_fetch_size = 8GB (default)"},"filename":"D:\\a\\xet-core\\xet-core\\xet_runtime\\src\\utils\\configuration_utils.rs","line_number":53}
{"timestamp":"2026-06-26T10:33:20.077785Z","level":"INFO","fields":{"message":"Config: download_buffer_size = 2GB (default)"},"filename":"D:\\a\\xet-core\\xet-core\\xet_runtime\\src\\utils\\configuration_utils.rs","line_number":53}
{"timestamp":"2026-06-26T10:33:20.077794Z","level":"INFO","fields":{"message":"Config: download_buffer_perfile_size = 512MB (default)"},"filename":"D:\\a\\xet-core\\xet-core\\xet_runtime\\src\\utils\\configuration_utils.rs","line_number":53}
{"timestamp":"2026-06-26T10:33:20.077804Z","level":"INFO","fields":{"message":"Config: download_buffer_limit = 8GB (default)"},"filename":"D:\\a\\xet-core\\xet-core\\xet_runtime\\src\\utils\\configuration_utils.rs","line_number":53}
{"timestamp":"2026-06-26T10:33:20.077813Z","level":"INFO","fields":{"message":"Config: completion_rate_estimator_half_life = 4.0 (default)"},"filename":"D:\\a\\xet-core\\xet-core\\xet_runtime\\src\\utils\\configuration_utils.rs","line_number":53}
{"timestamp":"2026-06-26T10:33:20.077823Z","level":"INFO","fields":{"message":"Config: target_block_completion_time = 900s (default)"},"filename":"D:\\a\\xet-core\\xet-core\\xet_runtime\\src\\utils\\configuration_utils.rs","line_number":53}
{"timestamp":"2026-06-26T10:33:20.077833Z","level":"INFO","fields":{"message":"Config: min_prefetch_buffer = 1GB (default)"},"filename":"D:\\a\\xet-core\\xet-core\\xet_runtime\\src\\utils\\configuration_utils.rs","line_number":53}
{"timestamp":"2026-06-26T10:33:20.077842Z","level":"INFO","fields":{"message":"Config: use_vectored_write = true (default)"},"filename":"D:\\a\\xet-core\\xet-core\\xet_runtime\\src\\utils\\configuration_utils.rs","line_number":53}
{"timestamp":"2026-06-26T10:33:20.077852Z","level":"INFO","fields":{"message":"Config: compression_scheme_retest_interval = 32 (default)"},"filename":"D:\\a\\xet-core\\xet-core\\xet_runtime\\src\\utils\\configuration_utils.rs","line_number":53}
{"timestamp":"2026-06-26T10:33:20.077863Z","level":"INFO","fields":{"message":"Config: compression_policy = \"auto\" (default)"},"filename":"D:\\a\\xet-core\\xet-core\\xet_runtime\\src\\utils\\config_enum.rs","line_number":174}
{"timestamp":"2026-06-26T10:33:20.077873Z","level":"INFO","fields":{"message":"Config: simulation_max_bytes = None (default)"},"filename":"D:\\a\\xet-core\\xet-core\\xet_runtime\\src\\utils\\configuration_utils.rs","line_number":53}
{"timestamp":"2026-06-26T10:33:20.077881Z","level":"INFO","fields":{"message":"Config: simulation_max_chunks = None (default)"},"filename":"D:\\a\\xet-core\\xet-core\\xet_runtime\\src\\utils\\configuration_utils.rs","line_number":53}
{"timestamp":"2026-06-26T10:33:20.077897Z","level":"INFO","fields":{"message":"Config: dir_name = \"shard-session\" (default)"},"filename":"D:\\a\\xet-core\\xet-core\\xet_runtime\\src\\utils\\configuration_utils.rs","line_number":53}
{"timestamp":"2026-06-26T10:33:20.077906Z","level":"INFO","fields":{"message":"Config: enabled = false (default)"},"filename":"D:\\a\\xet-core\\xet-core\\xet_runtime\\src\\utils\\configuration_utils.rs","line_number":53}
{"timestamp":"2026-06-26T10:33:20.077915Z","level":"INFO","fields":{"message":"Config: sample_interval = 5s (default)"},"filename":"D:\\a\\xet-core\\xet-core\\xet_runtime\\src\\utils\\configuration_utils.rs","line_number":53}
{"timestamp":"2026-06-26T10:33:20.077923Z","level":"INFO","fields":{"message":"Config: log_path = None (default)"},"filename":"D:\\a\\xet-core\\xet-core\\xet_runtime\\src\\utils\\configuration_utils.rs","line_number":53}
{"timestamp":"2026-06-26T10:33:20.078003Z","level":"INFO","fields":{"message":"Using 8 async threads for tokio runtime"},"filename":"D:\\a\\xet-core\\xet-core\\xet_runtime\\src\\core\\runtime.rs","line_number":70}
{"timestamp":"2026-06-26T10:33:20.079776Z","level":"INFO","fields":{"message":"Session created, session_id=019f037d-bdcf-70a2-a560-9d3c1b46e7d9"},"filename":"D:\\a\\xet-core\\xet-core\\xet_pkg\\src\\xet_session\\session.rs","line_number":183}
{"timestamp":"2026-06-26T10:33:20.080326Z","level":"INFO","fields":{"message":"CAS auth disabled","caller":"D:\\a\\xet-core\\xet-core\\xet_client\\src\\common\\http_client.rs:166"},"filename":"D:\\a\\xet-core\\xet-core\\xet_runtime\\src\\error_printer\\mod.rs","line_number":198}
{"timestamp":"2026-06-26T10:33:20.080967Z","level":"INFO","fields":{"message":"HTTP client configured","idle_timeout":"60s","max_idle_connections":16,"custom_headers":"Some({\"user-agent\": \"unknown/None; hf_hub/1.21.0; python/3.14.3; agent/unknown\"})"},"filename":"D:\\a\\xet-core\\xet-core\\xet_client\\src\\common\\http_client.rs","line_number":187}
{"timestamp":"2026-06-26T10:33:20.081066Z","level":"INFO","fields":{"message":"Retry strategy","max_attempts":5,"base_delay":"3s","no_retry_on_429":false},"filename":"D:\\a\\xet-core\\xet-core\\xet_client\\src\\cas_client\\retry_wrapper.rs","line_number":249}
{"timestamp":"2026-06-26T10:33:27.985348Z","level":"INFO","fields":{"message":"Received CAS response","request_id":"Root=1-6a3e5542-6ccd2a6135867aad7397de09","status_code":200},"filename":"D:\\a\\xet-core\\xet-core\\xet_client\\src\\common\\http_client.rs","line_number":288}
{"timestamp":"2026-06-26T10:33:27.985415Z","level":"INFO","fields":{"message":"Request Success: xet-token api call succeeded (request id Root=1-6a3e5542-6ccd2a6135867aad7397de09)."},"filename":"D:\\a\\xet-core\\xet-core\\xet_client\\src\\cas_client\\retry_wrapper.rs","line_number":210}
{"timestamp":"2026-06-26T10:33:27.986363Z","level":"INFO","fields":{"message":"TranslatorConfig initialized","endpoint":"https://cas-server.xethub.hf.co","session_id":"Some(\"019f037d-dcb1-7832-8da4-6bddebb4701f\")","shard_cache":"C:\\Users\\Dell\\Coding\\Python\\.cache\\whisper\\xet\\https___cas_serv-tGqkUaZf_CBPHQ6h\\shard-cache","shard_session":"C:\\Users\\Dell\\Coding\\Python\\.cache\\whisper\\xet\\https___cas_serv-tGqkUaZf_CBPHQ6h\\staging\\shard-session"},"filename":"D:\\a\\xet-core\\xet-core\\xet_data\\src\\processing\\configurations.rs","line_number":115}
{"timestamp":"2026-06-26T10:33:27.986471Z","level":"INFO","fields":{"message":"HTTP client configured","idle_timeout":"60s","max_idle_connections":16,"custom_headers":"Some({\"user-agent\": \"unknown/None; hf_hub/1.21.0; python/3.14.3; agent/unknown; hf_xet/1.5.1\"})"},"filename":"D:\\a\\xet-core\\xet-core\\xet_client\\src\\common\\http_client.rs","line_number":187}
{"timestamp":"2026-06-26T10:33:27.986486Z","level":"INFO","fields":{"message":"CAS auth disabled","caller":"D:\\a\\xet-core\\xet-core\\xet_client\\src\\common\\http_client.rs:166"},"filename":"D:\\a\\xet-core\\xet-core\\xet_runtime\\src\\error_printer\\mod.rs","line_number":198}
{"timestamp":"2026-06-26T10:33:27.986492Z","level":"INFO","fields":{"message":"HTTP client configured","idle_timeout":"60s","max_idle_connections":16,"custom_headers":"Some({\"user-agent\": \"unknown/None; hf_hub/1.21.0; python/3.14.3; agent/unknown; hf_xet/1.5.1\"})"},"filename":"D:\\a\\xet-core\\xet-core\\xet_client\\src\\common\\http_client.rs","line_number":187}
{"timestamp":"2026-06-26T10:33:27.986533Z","level":"INFO","fields":{"message":"No-read-timeout HTTP client configured (for shard uploads)","connect_timeout":"60s"},"filename":"D:\\a\\xet-core\\xet-core\\xet_client\\src\\common\\http_client.rs","line_number":136}
{"timestamp":"2026-06-26T10:33:27.986553Z","level":"INFO","fields":{"message":"Initializing Adaptive Concurrency Controller for upload with starting concurrency = 2; min = 1, max = 64, min_bytes_for_adjustment = 20000000, min_completed_transmissions_for_adjustment = 1"},"filename":"D:\\a\\xet-core\\xet-core\\xet_client\\src\\cas_client\\adaptive_concurrency\\controller.rs","line_number":301}
{"timestamp":"2026-06-26T10:33:27.986566Z","level":"INFO","fields":{"message":"Initializing Adaptive Concurrency Controller for download with starting concurrency = 4; min = 1, max = 64, min_bytes_for_adjustment = 20000000, min_completed_transmissions_for_adjustment = 1"},"filename":"D:\\a\\xet-core\\xet-core\\xet_client\\src\\cas_client\\adaptive_concurrency\\controller.rs","line_number":301}
{"timestamp":"2026-06-26T10:33:27.986672Z","level":"INFO","fields":{"message":"New file download group, session_id=019f037d-bdcf-70a2-a560-9d3c1b46e7d9, group_id=1"},"filename":"D:\\a\\xet-core\\xet-core\\xet_pkg\\src\\xet_session\\file_download_group.rs","line_number":61}
{"timestamp":"2026-06-26T10:33:27.986827Z","level":"INFO","fields":{"message":"Download file to path","group_id":"1","dest_path":"\"C:\\\\Users\\\\Dell\\\\Coding\\\\Python\\\\.cache\\\\whisper\\\\models--Systran--faster-whisper-tiny\\\\blobs\\\\dcb76c6586fc06cbdac6dd21f14cfd129cc4cdd9dce19bf4ffa62e59cbe6e6d1.08bc1230.incomplete\"","hash":"95d706516af777831fff6b2c35837dfb450afca078db361910d44a435b24dc2c"},"filename":"D:\\a\\xet-core\\xet-core\\xet_pkg\\src\\xet_session\\file_download_group.rs","line_number":287}
{"timestamp":"2026-06-26T10:33:27.986989Z","level":"INFO","fields":{"message":"Reconstructing file to disk","file_hash":"95d706516af777831fff6b2c35837dfb450afca078db361910d44a435b24dc2c","byte_range":"None","path":"C:\\Users\\Dell\\Coding\\Python\\.cache\\whisper\\models--Systran--faster-whisper-tiny\\blobs\\dcb76c6586fc06cbdac6dd21f14cfd129cc4cdd9dce19bf4ffa62e59cbe6e6d1.08bc1230.incomplete","write_offset":"None"},"filename":"D:\\a\\xet-core\\xet-core\\xet_data\\src\\file_reconstruction\\file_reconstructor.rs","line_number":121}
{"timestamp":"2026-06-26T10:33:27.987358Z","level":"INFO","fields":{"message":"Download group finish","group_id":"1"},"filename":"D:\\a\\xet-core\\xet-core\\xet_pkg\\src\\xet_session\\file_download_group.rs","line_number":306}
{"timestamp":"2026-06-26T10:33:27.989090Z","level":"INFO","fields":{"message":"Scheduling prefetch block","file_hash":"95d706516af777831fff6b2c35837dfb450afca078db361910d44a435b24dc2c","prefetch_range":"(0, 256000000)","requested_block_size":256000000,"actual_block_size":256000000,"queue_depth":1},"filename":"D:\\a\\xet-core\\xet-core\\xet_data\\src\\file_reconstruction\\reconstruction_terms\\manager.rs","line_number":272}
{"timestamp":"2026-06-26T10:33:27.989157Z","level":"INFO","fields":{"message":"Scheduling prefetch block","file_hash":"95d706516af777831fff6b2c35837dfb450afca078db361910d44a435b24dc2c","prefetch_range":"(256000000, 768000000)","requested_block_size":512000000,"actual_block_size":512000000,"queue_depth":2},"filename":"D:\\a\\xet-core\\xet-core\\xet_data\\src\\file_reconstruction\\reconstruction_terms\\manager.rs","line_number":272}
{"timestamp":"2026-06-26T10:33:27.989178Z","level":"INFO","fields":{"message":"Scheduling prefetch block","file_hash":"95d706516af777831fff6b2c35837dfb450afca078db361910d44a435b24dc2c","prefetch_range":"(768000000, 1024000000)","requested_block_size":256000000,"actual_block_size":256000000,"queue_depth":3},"filename":"D:\\a\\xet-core\\xet-core\\xet_data\\src\\file_reconstruction\\reconstruction_terms\\manager.rs","line_number":272}
{"timestamp":"2026-06-26T10:33:27.989244Z","level":"INFO","fields":{"message":"Starting get_reconstruction API call","call_id":1,"file_id":"95d706516af777831fff6b2c35837dfb450afca078db361910d44a435b24dc2c","bytes_range":"Some(Range { start: 768000000, end: 1024000000 })","api_version":"v2"},"filename":"D:\\a\\xet-core\\xet-core\\xet_client\\src\\cas_client\\remote_client.rs","line_number":210}
{"timestamp":"2026-06-26T10:33:27.989260Z","level":"INFO","fields":{"message":"Retry strategy","max_attempts":5,"base_delay":"3s","no_retry_on_429":false},"filename":"D:\\a\\xet-core\\xet-core\\xet_client\\src\\cas_client\\retry_wrapper.rs","line_number":249}
{"timestamp":"2026-06-26T10:33:27.989478Z","level":"INFO","fields":{"message":"Starting get_reconstruction API call","call_id":3,"file_id":"95d706516af777831fff6b2c35837dfb450afca078db361910d44a435b24dc2c","bytes_range":"Some(Range { start: 256000000, end: 768000000 })","api_version":"v2"},"filename":"D:\\a\\xet-core\\xet-core\\xet_client\\src\\cas_client\\remote_client.rs","line_number":210}
{"timestamp":"2026-06-26T10:33:27.989521Z","level":"INFO","fields":{"message":"Retry strategy","max_attempts":5,"base_delay":"3s","no_retry_on_429":false},"filename":"D:\\a\\xet-core\\xet-core\\xet_client\\src\\cas_client\\retry_wrapper.rs","line_number":249}
{"timestamp":"2026-06-26T10:33:27.989533Z","level":"INFO","fields":{"message":"Starting get_reconstruction API call","call_id":2,"file_id":"95d706516af777831fff6b2c35837dfb450afca078db361910d44a435b24dc2c","bytes_range":"Some(Range { start: 0, end: 256000000 })","api_version":"v2"},"filename":"D:\\a\\xet-core\\xet-core\\xet_client\\src\\cas_client\\remote_client.rs","line_number":210}
{"timestamp":"2026-06-26T10:33:27.989558Z","level":"INFO","fields":{"message":"Retry strategy","max_attempts":5,"base_delay":"3s","no_retry_on_429":false},"filename":"D:\\a\\xet-core\\xet-core\\xet_client\\src\\cas_client\\retry_wrapper.rs","line_number":249}
{"timestamp":"2026-06-26T10:33:31.092224Z","level":"INFO","fields":{"message":"Received CAS response","request_id":"01KW1QTAN9K5NXJZJTBNB291N7","status_code":416},"filename":"D:\\a\\xet-core\\xet-core\\xet_client\\src\\common\\http_client.rs","line_number":288}
{"timestamp":"2026-06-26T10:33:31.092273Z","level":"INFO","fields":{"message":"Reached end of reconstruction 416 (Range Not Satisfiable): \"cas::get_reconstruction_v2\" api call failed (request id 01KW1QTAN9K5NXJZJTBNB291N7): HTTP status client error (416 Range Not Satisfiable) for url (https://cas-server.xethub.hf.co/v2/reconstructions/95d706516af777831fff6b2c35837dfb450afca078db361910d44a435b24dc2c)"},"filename":"D:\\a\\xet-core\\xet-core\\xet_client\\src\\cas_client\\retry_wrapper.rs","line_number":162}
{"timestamp":"2026-06-26T10:33:31.203794Z","level":"INFO","fields":{"message":"Received CAS response","request_id":"01KW1QTAN9PT5TQP0E883ZJXWZ","status_code":200},"filename":"D:\\a\\xet-core\\xet-core\\xet_client\\src\\common\\http_client.rs","line_number":288}
{"timestamp":"2026-06-26T10:33:31.203820Z","level":"INFO","fields":{"message":"Request Success: cas::get_reconstruction_v2 api call succeeded (request id 01KW1QTAN9PT5TQP0E883ZJXWZ)."},"filename":"D:\\a\\xet-core\\xet-core\\xet_client\\src\\cas_client\\retry_wrapper.rs","line_number":210}
{"timestamp":"2026-06-26T10:33:31.203947Z","level":"INFO","fields":{"message":"Completed get_reconstruction API call","call_id":2,"file_id":"95d706516af777831fff6b2c35837dfb450afca078db361910d44a435b24dc2c","bytes_range":"Some(Range { start: 0, end: 256000000 })","api_version":"v2"},"filename":"D:\\a\\xet-core\\xet-core\\xet_client\\src\\cas_client\\remote_client.rs","line_number":234}
{"timestamp":"2026-06-26T10:33:31.204019Z","level":"INFO","fields":{"message":"Received block of file terms from prefetch queue","file_hash":"95d706516af777831fff6b2c35837dfb450afca078db361910d44a435b24dc2c","domain":"us.aws.cdn.hf.co","block_start":0,"block_end":75538270,"block_size":2},"filename":"D:\\a\\xet-core\\xet-core\\xet_data\\src\\file_reconstruction\\reconstruction_terms\\manager.rs","line_number":151}
{"timestamp":"2026-06-26T10:33:31.204075Z","level":"INFO","fields":{"message":"Updated completion rate estimate based on previous block completion time (seconds).","file_hash":"95d706516af777831fff6b2c35837dfb450afca078db361910d44a435b24dc2c","block_start":0,"block_end":75538270,"block_size":75538270,"completion_time":0.0000553},"filename":"D:\\a\\xet-core\\xet-core\\xet_data\\src\\file_reconstruction\\reconstruction_terms\\manager.rs","line_number":104}
{"timestamp":"2026-06-26T10:33:31.204127Z","level":"INFO","fields":{"message":"Completed prefetch queue; end of file reached.","file_hash":"95d706516af777831fff6b2c35837dfb450afca078db361910d44a435b24dc2c","prefetched_byte_position":1024000000},"filename":"D:\\a\\xet-core\\xet-core\\xet_data\\src\\file_reconstruction\\reconstruction_terms\\manager.rs","line_number":178}
{"timestamp":"2026-06-26T10:33:31.204138Z","level":"INFO","fields":{"message":"All term blocks received and scheduled for writing","file_hash":"95d706516af777831fff6b2c35837dfb450afca078db361910d44a435b24dc2c","block_count":1,"total_terms_processed":2,"total_bytes_scheduled":75538270},"filename":"D:\\a\\xet-core\\xet-core\\xet_data\\src\\file_reconstruction\\run_state.rs","line_number":150}
{"timestamp":"2026-06-26T10:33:31.204165Z","level":"INFO","fields":{"message":"Retry strategy","max_attempts":5,"base_delay":"3s","no_retry_on_429":false},"filename":"D:\\a\\xet-core\\xet-core\\xet_client\\src\\cas_client\\retry_wrapper.rs","line_number":249}
{"timestamp":"2026-06-26T10:33:31.204165Z","level":"INFO","fields":{"message":"Retry strategy","max_attempts":5,"base_delay":"3s","no_retry_on_429":false},"filename":"D:\\a\\xet-core\\xet-core\\xet_client\\src\\cas_client\\retry_wrapper.rs","line_number":249}
{"timestamp":"2026-06-26T10:33:31.873146Z","level":"INFO","fields":{"message":"Received CAS response","request_id":"01KW1QTBANKVRBYMYNSCRT16MM","status_code":416},"filename":"D:\\a\\xet-core\\xet-core\\xet_client\\src\\common\\http_client.rs","line_number":288}
{"timestamp":"2026-06-26T10:33:31.873186Z","level":"INFO","fields":{"message":"Reached end of reconstruction 416 (Range Not Satisfiable): \"cas::get_reconstruction_v2\" api call failed (request id 01KW1QTBANKVRBYMYNSCRT16MM): HTTP status client error (416 Range Not Satisfiable) for url (https://cas-server.xethub.hf.co/v2/reconstructions/95d706516af777831fff6b2c35837dfb450afca078db361910d44a435b24dc2c)"},"filename":"D:\\a\\xet-core\\xet-core\\xet_client\\src\\cas_client\\retry_wrapper.rs","line_number":162}
{"timestamp":"2026-06-26T10:33:34.603925Z","level":"INFO","fields":{"message":"Received CAS response","request_id":"01KW1QTDYG19R64R6V10PXQ51Y","status_code":206},"filename":"D:\\a\\xet-core\\xet-core\\xet_client\\src\\common\\http_client.rs","line_number":288}
{"timestamp":"2026-06-26T10:33:34.603953Z","level":"INFO","fields":{"message":"Request Success: s3::get_range api call succeeded (request id 01KW1QTDYG19R64R6V10PXQ51Y)."},"filename":"D:\\a\\xet-core\\xet-core\\xet_client\\src\\cas_client\\retry_wrapper.rs","line_number":210}
{"timestamp":"2026-06-26T10:33:34.612906Z","level":"INFO","fields":{"message":"Received CAS response","request_id":"01KW1QTDYR6BN340WG98Y47WCR","status_code":206},"filename":"D:\\a\\xet-core\\xet-core\\xet_client\\src\\common\\http_client.rs","line_number":288}
{"timestamp":"2026-06-26T10:33:34.612925Z","level":"INFO","fields":{"message":"Request Success: s3::get_range api call succeeded (request id 01KW1QTDYR6BN340WG98Y47WCR)."},"filename":"D:\\a\\xet-core\\xet-core\\xet_client\\src\\cas_client\\retry_wrapper.rs","line_number":210}
{"timestamp":"2026-06-26T10:33:38.012168Z","level":"INFO","fields":{"message":"Concurrency control for download: Current concurrency = 4; predicted bandwidth = 86141; success_ratio = 1.000; reference_size = 61.0MB; observed bytes sent so far = 201746; completed transmissions = 0"},"filename":"D:\\a\\xet-core\\xet-core\\xet_client\\src\\cas_client\\adaptive_concurrency\\controller.rs","line_number":597}
{"timestamp":"2026-06-26T10:33:48.559324Z","level":"INFO","fields":{"message":"Concurrency control for download: Current concurrency = 4; predicted bandwidth = 266421; success_ratio = 1.000; reference_size = 61.0MB; observed bytes sent so far = 3032318; completed transmissions = 0"},"filename":"D:\\a\\xet-core\\xet-core\\xet_client\\src\\cas_client\\adaptive_concurrency\\controller.rs","line_number":597}
{"timestamp":"2026-06-26T10:34:00.099525Z","level":"INFO","fields":{"message":"Concurrency control for download: Current concurrency = 4; predicted bandwidth = 375858; success_ratio = 1.000; reference_size = 61.0MB; observed bytes sent so far = 7652606; completed transmissions = 0"},"filename":"D:\\a\\xet-core\\xet-core\\xet_client\\src\\cas_client\\adaptive_concurrency\\controller.rs","line_number":597}
{"timestamp":"2026-06-26T10:34:10.150762Z","level":"INFO","fields":{"message":"Concurrency control for download: Current concurrency = 4; predicted bandwidth = 389864; success_ratio = 1.000; reference_size = 61.0MB; observed bytes sent so far = 12113642; completed transmissions = 1"},"filename":"D:\\a\\xet-core\\xet-core\\xet_client\\src\\cas_client\\adaptive_concurrency\\controller.rs","line_number":597}
{"timestamp":"2026-06-26T10:34:20.206036Z","level":"INFO","fields":{"message":"Concurrency control for download: Current concurrency = 4; predicted bandwidth = 382047; success_ratio = 1.000; reference_size = 61.0MB; observed bytes sent so far = 13391594; completed transmissions = 1"},"filename":"D:\\a\\xet-core\\xet-core\\xet_client\\src\\cas_client\\adaptive_concurrency\\controller.rs","line_number":597}
{"timestamp":"2026-06-26T10:34:32.372771Z","level":"INFO","fields":{"message":"Concurrency control for download: Current concurrency = 4; predicted bandwidth = 370139; success_ratio = 1.000; reference_size = 61.0MB; observed bytes sent so far = 15095530; completed transmissions = 1"},"filename":"D:\\a\\xet-core\\xet-core\\xet_client\\src\\cas_client\\adaptive_concurrency\\controller.rs","line_number":597}
{"timestamp":"2026-06-26T10:34:42.449452Z","level":"INFO","fields":{"message":"Concurrency control for download: Current concurrency = 4; predicted bandwidth = 355440; success_ratio = 1.000; reference_size = 61.0MB; observed bytes sent so far = 17274602; completed transmissions = 1"},"filename":"D:\\a\\xet-core\\xet-core\\xet_client\\src\\cas_client\\adaptive_concurrency\\controller.rs","line_number":597}
{"timestamp":"2026-06-26T10:34:52.708279Z","level":"INFO","fields":{"message":"Concurrency control for download: Current concurrency = 4; predicted bandwidth = 346549; success_ratio = 1.000; reference_size = 61.0MB; observed bytes sent so far = 19551978; completed transmissions = 1"},"filename":"D:\\a\\xet-core\\xet-core\\xet_client\\src\\cas_client\\adaptive_concurrency\\controller.rs","line_number":597}
{"timestamp":"2026-06-26T10:35:01.384598Z","level":"INFO","fields":{"message":"Concurrency control for download: Decreased concurrency from 4 to 3; reason: success ratio below threshold (connection struggling) (success_ratio = 1.000, threshold = 0.500)"},"filename":"D:\\a\\xet-core\\xet-core\\xet_client\\src\\cas_client\\adaptive_concurrency\\controller.rs","line_number":581}
{"timestamp":"2026-06-26T10:35:02.024895Z","level":"INFO","fields":{"message":"Concurrency control for download: Decreased concurrency from 3 to 2; reason: success ratio below threshold (connection struggling) (success_ratio = 1.000, threshold = 0.500)"},"filename":"D:\\a\\xet-core\\xet-core\\xet_client\\src\\cas_client\\adaptive_concurrency\\controller.rs","line_number":581}
{"timestamp":"2026-06-26T10:35:02.730952Z","level":"INFO","fields":{"message":"Concurrency control for download: Decreased concurrency from 2 to 1; reason: success ratio below threshold (connection struggling) (success_ratio = 1.000, threshold = 0.500)"},"filename":"D:\\a\\xet-core\\xet-core\\xet_client\\src\\cas_client\\adaptive_concurrency\\controller.rs","line_number":581}
{"timestamp":"2026-06-26T10:35:02.731035Z","level":"INFO","fields":{"message":"Concurrency control for download: Current concurrency = 1; predicted bandwidth = 363070; success_ratio = 1.000; reference_size = 61.0MB; observed bytes sent so far = 22517482; completed transmissions = 1"},"filename":"D:\\a\\xet-core\\xet-core\\xet_client\\src\\cas_client\\adaptive_concurrency\\controller.rs","line_number":597}
{"timestamp":"2026-06-26T10:35:03.412198Z","level":"INFO","fields":{"message":"Concurrency control for download: Decreased concurrency from 1 to 1; reason: success ratio below threshold (connection struggling) (success_ratio = 1.000, threshold = 0.500)"},"filename":"D:\\a\\xet-core\\xet-core\\xet_client\\src\\cas_client\\adaptive_concurrency\\controller.rs","line_number":581}
{"timestamp":"2026-06-26T10:35:04.074735Z","level":"INFO","fields":{"message":"Concurrency control for download: Decreased concurrency from 1 to 1; reason: success ratio below threshold (connection struggling) (success_ratio = 1.000, threshold = 0.500)"},"filename":"D:\\a\\xet-core\\xet-core\\xet_client\\src\\cas_client\\adaptive_concurrency\\controller.rs","line_number":581}
{"timestamp":"2026-06-26T10:35:04.664603Z","level":"INFO","fields":{"message":"Concurrency control for download: Decreased concurrency from 1 to 1; reason: success ratio below threshold (connection struggling) (success_ratio = 1.000, threshold = 0.500)"},"filename":"D:\\a\\xet-core\\xet-core\\xet_client\\src\\cas_client\\adaptive_concurrency\\controller.rs","line_number":581}
{"timestamp":"2026-06-26T10:35:05.361018Z","level":"INFO","fields":{"message":"Concurrency control for download: Decreased concurrency from 1 to 1; reason: success ratio below threshold (connection struggling) (success_ratio = 1.000, threshold = 0.500)"},"filename":"D:\\a\\xet-core\\xet-core\\xet_client\\src\\cas_client\\adaptive_concurrency\\controller.rs","line_number":581}
{"timestamp":"2026-06-26T10:35:06.090124Z","level":"INFO","fields":{"message":"Concurrency control for download: Decreased concurrency from 1 to 1; reason: success ratio below threshold (connection struggling) (success_ratio = 1.000, threshold = 0.500)"},"filename":"D:\\a\\xet-core\\xet-core\\xet_client\\src\\cas_client\\adaptive_concurrency\\controller.rs","line_number":581}
{"timestamp":"2026-06-26T10:35:06.948792Z","level":"INFO","fields":{"message":"Concurrency control for download: Decreased concurrency from 1 to 1; reason: success ratio below threshold (connection struggling) (success_ratio = 1.000, threshold = 0.500)"},"filename":"D:\\a\\xet-core\\xet-core\\xet_client\\src\\cas_client\\adaptive_concurrency\\controller.rs","line_number":581}
{"timestamp":"2026-06-26T10:35:07.765879Z","level":"INFO","fields":{"message":"Concurrency control for download: Decreased concurrency from 1 to 1; reason: success ratio below threshold (connection struggling) (success_ratio = 1.000, threshold = 0.500)"},"filename":"D:\\a\\xet-core\\xet-core\\xet_client\\src\\cas_client\\adaptive_concurrency\\controller.rs","line_number":581}
{"timestamp":"2026-06-26T10:35:08.347175Z","level":"INFO","fields":{"message":"Concurrency control for download: Decreased concurrency from 1 to 1; reason: success ratio below threshold (connection struggling) (success_ratio = 1.000, threshold = 0.500)"},"filename":"D:\\a\\xet-core\\xet-core\\xet_client\\src\\cas_client\\adaptive_concurrency\\controller.rs","line_number":581}
{"timestamp":"2026-06-26T10:35:09.449821Z","level":"INFO","fields":{"message":"Concurrency control for download: Decreased concurrency from 1 to 1; reason: success ratio below threshold (connection struggling) (success_ratio = 1.000, threshold = 0.500)"},"filename":"D:\\a\\xet-core\\xet-core\\xet_client\\src\\cas_client\\adaptive_concurrency\\controller.rs","line_number":581}
{"timestamp":"2026-06-26T10:35:10.064559Z","level":"INFO","fields":{"message":"Concurrency control for download: Decreased concurrency from 1 to 1; reason: success ratio below threshold (connection struggling) (success_ratio = 1.000, threshold = 0.500)"},"filename":"D:\\a\\xet-core\\xet-core\\xet_client\\src\\cas_client\\adaptive_concurrency\\controller.rs","line_number":581}
{"timestamp":"2026-06-26T10:35:10.720771Z","level":"INFO","fields":{"message":"Concurrency control for download: Decreased concurrency from 1 to 1; reason: success ratio below threshold (connection struggling) (success_ratio = 1.000, threshold = 0.500)"},"filename":"D:\\a\\xet-core\\xet-core\\xet_client\\src\\cas_client\\adaptive_concurrency\\controller.rs","line_number":581}
{"timestamp":"2026-06-26T10:35:11.498899Z","level":"INFO","fields":{"message":"Concurrency control for download: Decreased concurrency from 1 to 1; reason: success ratio below threshold (connection struggling) (success_ratio = 1.000, threshold = 0.500)"},"filename":"D:\\a\\xet-core\\xet-core\\xet_client\\src\\cas_client\\adaptive_concurrency\\controller.rs","line_number":581}
{"timestamp":"2026-06-26T10:35:12.043207Z","level":"INFO","fields":{"message":"Concurrency control for download: Decreased concurrency from 1 to 1; reason: success ratio below threshold (connection struggling) (success_ratio = 1.000, threshold = 0.500)"},"filename":"D:\\a\\xet-core\\xet-core\\xet_client\\src\\cas_client\\adaptive_concurrency\\controller.rs","line_number":581}
{"timestamp":"2026-06-26T10:35:12.608182Z","level":"INFO","fields":{"message":"Concurrency control for download: Decreased concurrency from 1 to 1; reason: success ratio below threshold (connection struggling) (success_ratio = 1.000, threshold = 0.500)"},"filename":"D:\\a\\xet-core\\xet-core\\xet_client\\src\\cas_client\\adaptive_concurrency\\controller.rs","line_number":581}
{"timestamp":"2026-06-26T10:35:12.980630Z","level":"INFO","fields":{"message":"Concurrency control for download: Current concurrency = 1; predicted bandwidth = 437179; success_ratio = 1.000; reference_size = 61.0MB; observed bytes sent so far = 25810666; completed transmissions = 1"},"filename":"D:\\a\\xet-core\\xet-core\\xet_client\\src\\cas_client\\adaptive_concurrency\\controller.rs","line_number":597}
{"timestamp":"2026-06-26T10:35:13.415554Z","level":"INFO","fields":{"message":"Concurrency control for download: Decreased concurrency from 1 to 1; reason: success ratio below threshold (connection struggling) (success_ratio = 1.000, threshold = 0.500)"},"filename":"D:\\a\\xet-core\\xet-core\\xet_client\\src\\cas_client\\adaptive_concurrency\\controller.rs","line_number":581}
{"timestamp":"2026-06-26T10:35:14.128600Z","level":"INFO","fields":{"message":"Concurrency control for download: Decreased concurrency from 1 to 1; reason: success ratio below threshold (connection struggling) (success_ratio = 1.000, threshold = 0.500)"},"filename":"D:\\a\\xet-core\\xet-core\\xet_client\\src\\cas_client\\adaptive_concurrency\\controller.rs","line_number":581}
{"timestamp":"2026-06-26T10:35:15.214677Z","level":"INFO","fields":{"message":"Concurrency control for download: Decreased concurrency from 1 to 1; reason: success ratio below threshold (connection struggling) (success_ratio = 1.000, threshold = 0.500)"},"filename":"D:\\a\\xet-core\\xet-core\\xet_client\\src\\cas_client\\adaptive_concurrency\\controller.rs","line_number":581}
{"timestamp":"2026-06-26T10:35:16.436396Z","level":"INFO","fields":{"message":"Concurrency control for download: Decreased concurrency from 1 to 1; reason: success ratio below threshold (connection struggling) (success_ratio = 1.000, threshold = 0.500)"},"filename":"D:\\a\\xet-core\\xet-core\\xet_client\\src\\cas_client\\adaptive_concurrency\\controller.rs","line_number":581}
{"timestamp":"2026-06-26T10:35:17.270061Z","level":"INFO","fields":{"message":"Concurrency control for download: Decreased concurrency from 1 to 1; reason: success ratio below threshold (connection struggling) (success_ratio = 1.000, threshold = 0.500)"},"filename":"D:\\a\\xet-core\\xet-core\\xet_client\\src\\cas_client\\adaptive_concurrency\\controller.rs","line_number":581}
{"timestamp":"2026-06-26T10:35:17.904022Z","level":"INFO","fields":{"message":"Concurrency control for download: Decreased concurrency from 1 to 1; reason: success ratio below threshold (connection struggling) (success_ratio = 1.000, threshold = 0.500)"},"filename":"D:\\a\\xet-core\\xet-core\\xet_client\\src\\cas_client\\adaptive_concurrency\\controller.rs","line_number":581}
{"timestamp":"2026-06-26T10:35:18.584849Z","level":"INFO","fields":{"message":"Concurrency control for download: Decreased concurrency from 1 to 1; reason: success ratio below threshold (connection struggling) (success_ratio = 1.000, threshold = 0.500)"},"filename":"D:\\a\\xet-core\\xet-core\\xet_client\\src\\cas_client\\adaptive_concurrency\\controller.rs","line_number":581}
{"timestamp":"2026-06-26T10:35:19.937635Z","level":"INFO","fields":{"message":"Concurrency control for download: Decreased concurrency from 1 to 1; reason: success ratio below threshold (connection struggling) (success_ratio = 1.000, threshold = 0.500)"},"filename":"D:\\a\\xet-core\\xet-core\\xet_client\\src\\cas_client\\adaptive_concurrency\\controller.rs","line_number":581}
{"timestamp":"2026-06-26T10:35:20.561089Z","level":"INFO","fields":{"message":"Concurrency control for download: Decreased concurrency from 1 to 1; reason: success ratio below threshold (connection struggling) (success_ratio = 1.000, threshold = 0.500)"},"filename":"D:\\a\\xet-core\\xet-core\\xet_client\\src\\cas_client\\adaptive_concurrency\\controller.rs","line_number":581}
{"timestamp":"2026-06-26T10:35:21.991169Z","level":"INFO","fields":{"message":"Concurrency control for download: Decreased concurrency from 1 to 1; reason: success ratio below threshold (connection struggling) (success_ratio = 1.000, threshold = 0.500)"},"filename":"D:\\a\\xet-core\\xet-core\\xet_client\\src\\cas_client\\adaptive_concurrency\\controller.rs","line_number":581}
{"timestamp":"2026-06-26T10:35:22.511109Z","level":"INFO","fields":{"message":"Concurrency control for download: Decreased concurrency from 1 to 1; reason: success ratio below threshold (connection struggling) (success_ratio = 1.000, threshold = 0.500)"},"filename":"D:\\a\\xet-core\\xet-core\\xet_client\\src\\cas_client\\adaptive_concurrency\\controller.rs","line_number":581}
{"timestamp":"2026-06-26T10:35:23.160751Z","level":"INFO","fields":{"message":"Concurrency control for download: Decreased concurrency from 1 to 1; reason: success ratio below threshold (connection struggling) (success_ratio = 1.000, threshold = 0.500)"},"filename":"D:\\a\\xet-core\\xet-core\\xet_client\\src\\cas_client\\adaptive_concurrency\\controller.rs","line_number":581}
{"timestamp":"2026-06-26T10:35:23.160842Z","level":"INFO","fields":{"message":"Concurrency control for download: Current concurrency = 1; predicted bandwidth = 518273; success_ratio = 1.000; reference_size = 61.0MB; observed bytes sent so far = 29316842; completed transmissions = 1"},"filename":"D:\\a\\xet-core\\xet-core\\xet_client\\src\\cas_client\\adaptive_concurrency\\controller.rs","line_number":597}
{"timestamp":"2026-06-26T10:35:24.527300Z","level":"INFO","fields":{"message":"Concurrency control for download: Decreased concurrency from 1 to 1; reason: success ratio below threshold (connection struggling) (success_ratio = 1.000, threshold = 0.500)"},"filename":"D:\\a\\xet-core\\xet-core\\xet_client\\src\\cas_client\\adaptive_concurrency\\controller.rs","line_number":581}
{"timestamp":"2026-06-26T10:35:25.748556Z","level":"INFO","fields":{"message":"Concurrency control for download: Decreased concurrency from 1 to 1; reason: success ratio below threshold (connection struggling) (success_ratio = 1.000, threshold = 0.500)"},"filename":"D:\\a\\xet-core\\xet-core\\xet_client\\src\\cas_client\\adaptive_concurrency\\controller.rs","line_number":581}
{"timestamp":"2026-06-26T10:35:26.596525Z","level":"INFO","fields":{"message":"Concurrency control for download: Decreased concurrency from 1 to 1; reason: success ratio below threshold (connection struggling) (success_ratio = 1.000, threshold = 0.500)"},"filename":"D:\\a\\xet-core\\xet-core\\xet_client\\src\\cas_client\\adaptive_concurrency\\controller.rs","line_number":581}
{"timestamp":"2026-06-26T10:35:27.988654Z","level":"INFO","fields":{"message":"Concurrency control for download: Decreased concurrency from 1 to 1; reason: success ratio below threshold (connection struggling) (success_ratio = 1.000, threshold = 0.500)"},"filename":"D:\\a\\xet-core\\xet-core\\xet_client\\src\\cas_client\\adaptive_concurrency\\controller.rs","line_number":581}
{"timestamp":"2026-06-26T10:35:28.826171Z","level":"INFO","fields":{"message":"Concurrency control for download: Decreased concurrency from 1 to 1; reason: success ratio below threshold (connection struggling) (success_ratio = 1.000, threshold = 0.500)"},"filename":"D:\\a\\xet-core\\xet-core\\xet_client\\src\\cas_client\\adaptive_concurrency\\controller.rs","line_number":581}
{"timestamp":"2026-06-26T10:35:30.142263Z","level":"INFO","fields":{"message":"Concurrency control for download: Decreased concurrency from 1 to 1; reason: success ratio below threshold (connection struggling) (success_ratio = 1.000, threshold = 0.500)"},"filename":"D:\\a\\xet-core\\xet-core\\xet_client\\src\\cas_client\\adaptive_concurrency\\controller.rs","line_number":581}
{"timestamp":"2026-06-26T10:35:30.843517Z","level":"INFO","fields":{"message":"Concurrency control for download: Decreased concurrency from 1 to 1; reason: success ratio below threshold (connection struggling) (success_ratio = 1.000, threshold = 0.500)"},"filename":"D:\\a\\xet-core\\xet-core\\xet_client\\src\\cas_client\\adaptive_concurrency\\controller.rs","line_number":581}
{"timestamp":"2026-06-26T10:35:31.439492Z","level":"INFO","fields":{"message":"Concurrency control for download: Decreased concurrency from 1 to 1; reason: success ratio below threshold (connection struggling) (success_ratio = 1.000, threshold = 0.500)"},"filename":"D:\\a\\xet-core\\xet-core\\xet_client\\src\\cas_client\\adaptive_concurrency\\controller.rs","line_number":581}
{"timestamp":"2026-06-26T10:35:32.682044Z","level":"INFO","fields":{"message":"Concurrency control for download: Decreased concurrency from 1 to 1; reason: success ratio below threshold (connection struggling) (success_ratio = 1.000, threshold = 0.500)"},"filename":"D:\\a\\xet-core\\xet-core\\xet_client\\src\\cas_client\\adaptive_concurrency\\controller.rs","line_number":581}
{"timestamp":"2026-06-26T10:35:33.363894Z","level":"INFO","fields":{"message":"Concurrency control for download: Decreased concurrency from 1 to 1; reason: success ratio below threshold (connection struggling) (success_ratio = 1.000, threshold = 0.500)"},"filename":"D:\\a\\xet-core\\xet-core\\xet_client\\src\\cas_client\\adaptive_concurrency\\controller.rs","line_number":581}
{"timestamp":"2026-06-26T10:35:33.363939Z","level":"INFO","fields":{"message":"Concurrency control for download: Current concurrency = 1; predicted bandwidth = 537812; success_ratio = 1.000; reference_size = 61.0MB; observed bytes sent so far = 31839978; completed transmissions = 1"},"filename":"D:\\a\\xet-core\\xet-core\\xet_client\\src\\cas_client\\adaptive_concurrency\\controller.rs","line_number":597}
{"timestamp":"2026-06-26T10:35:34.059577Z","level":"INFO","fields":{"message":"Concurrency control for download: Decreased concurrency from 1 to 1; reason: success ratio below threshold (connection struggling) (success_ratio = 1.000, threshold = 0.500)"},"filename":"D:\\a\\xet-core\\xet-core\\xet_client\\src\\cas_client\\adaptive_concurrency\\controller.rs","line_number":581}
{"timestamp":"2026-06-26T10:35:34.931201Z","level":"INFO","fields":{"message":"Concurrency control for download: Decreased concurrency from 1 to 1; reason: success ratio below threshold (connection struggling) (success_ratio = 1.000, threshold = 0.500)"},"filename":"D:\\a\\xet-core\\xet-core\\xet_client\\src\\cas_client\\adaptive_concurrency\\controller.rs","line_number":581}
{"timestamp":"2026-06-26T10:35:36.257994Z","level":"INFO","fields":{"message":"Concurrency control for download: Decreased concurrency from 1 to 1; reason: success ratio below threshold (connection struggling) (success_ratio = 1.000, threshold = 0.500)"},"filename":"D:\\a\\xet-core\\xet-core\\xet_client\\src\\cas_client\\adaptive_concurrency\\controller.rs","line_number":581}
{"timestamp":"2026-06-26T10:35:37.087378Z","level":"INFO","fields":{"message":"Concurrency control for download: Decreased concurrency from 1 to 1; reason: success ratio below threshold (connection struggling) (success_ratio = 1.000, threshold = 0.500)"},"filename":"D:\\a\\xet-core\\xet-core\\xet_client\\src\\cas_client\\adaptive_concurrency\\controller.rs","line_number":581}
{"timestamp":"2026-06-26T10:35:37.913871Z","level":"INFO","fields":{"message":"Concurrency control for download: Decreased concurrency from 1 to 1; reason: success ratio below threshold (connection struggling) (success_ratio = 1.000, threshold = 0.500)"},"filename":"D:\\a\\xet-core\\xet-core\\xet_client\\src\\cas_client\\adaptive_concurrency\\controller.rs","line_number":581}
{"timestamp":"2026-06-26T10:35:38.422254Z","level":"INFO","fields":{"message":"Concurrency control for download: Decreased concurrency from 1 to 1; reason: success ratio below threshold (connection struggling) (success_ratio = 1.000, threshold = 0.500)"},"filename":"D:\\a\\xet-core\\xet-core\\xet_client\\src\\cas_client\\adaptive_concurrency\\controller.rs","line_number":581}
{"timestamp":"2026-06-26T10:35:38.965678Z","level":"INFO","fields":{"message":"Concurrency control for download: Decreased concurrency from 1 to 1; reason: success ratio below threshold (connection struggling) (success_ratio = 1.000, threshold = 0.500)"},"filename":"D:\\a\\xet-core\\xet-core\\xet_client\\src\\cas_client\\adaptive_concurrency\\controller.rs","line_number":581}
{"timestamp":"2026-06-26T10:35:39.881605Z","level":"INFO","fields":{"message":"Concurrency control for download: Decreased concurrency from 1 to 1; reason: success ratio below threshold (connection struggling) (success_ratio = 1.000, threshold = 0.500)"},"filename":"D:\\a\\xet-core\\xet-core\\xet_client\\src\\cas_client\\adaptive_concurrency\\controller.rs","line_number":581}
{"timestamp":"2026-06-26T10:35:40.529194Z","level":"INFO","fields":{"message":"Concurrency control for download: Decreased concurrency from 1 to 1; reason: success ratio below threshold (connection struggling) (success_ratio = 1.000, threshold = 0.500)"},"filename":"D:\\a\\xet-core\\xet-core\\xet_client\\src\\cas_client\\adaptive_concurrency\\controller.rs","line_number":581}
{"timestamp":"2026-06-26T10:35:41.611153Z","level":"INFO","fields":{"message":"Concurrency control for download: Decreased concurrency from 1 to 1; reason: success ratio below threshold (connection struggling) (success_ratio = 1.000, threshold = 0.500)"},"filename":"D:\\a\\xet-core\\xet-core\\xet_client\\src\\cas_client\\adaptive_concurrency\\controller.rs","line_number":581}
{"timestamp":"2026-06-26T10:35:42.131920Z","level":"INFO","fields":{"message":"Concurrency control for download: Decreased concurrency from 1 to 1; reason: success ratio below threshold (connection struggling) (success_ratio = 1.000, threshold = 0.500)"},"filename":"D:\\a\\xet-core\\xet-core\\xet_client\\src\\cas_client\\adaptive_concurrency\\controller.rs","line_number":581}
{"timestamp":"2026-06-26T10:35:43.503661Z","level":"INFO","fields":{"message":"Concurrency control for download: Decreased concurrency from 1 to 1; reason: success ratio below threshold (connection struggling) (success_ratio = 1.000, threshold = 0.500)"},"filename":"D:\\a\\xet-core\\xet-core\\xet_client\\src\\cas_client\\adaptive_concurrency\\controller.rs","line_number":581}
{"timestamp":"2026-06-26T10:35:43.503684Z","level":"INFO","fields":{"message":"Concurrency control for download: Current concurrency = 1; predicted bandwidth = 504761; success_ratio = 1.000; reference_size = 61.0MB; observed bytes sent so far = 36181738; completed transmissions = 1"},"filename":"D:\\a\\xet-core\\xet-core\\xet_client\\src\\cas_client\\adaptive_concurrency\\controller.rs","line_number":597}
{"timestamp":"2026-06-26T10:35:44.155016Z","level":"INFO","fields":{"message":"Concurrency control for download: Decreased concurrency from 1 to 1; reason: success ratio below threshold (connection struggling) (success_ratio = 1.000, threshold = 0.500)"},"filename":"D:\\a\\xet-core\\xet-core\\xet_client\\src\\cas_client\\adaptive_concurrency\\controller.rs","line_number":581}
{"timestamp":"2026-06-26T10:35:44.789052Z","level":"INFO","fields":{"message":"Concurrency control for download: Decreased concurrency from 1 to 1; reason: success ratio below threshold (connection struggling) (success_ratio = 1.000, threshold = 0.500)"},"filename":"D:\\a\\xet-core\\xet-core\\xet_client\\src\\cas_client\\adaptive_concurrency\\controller.rs","line_number":581}
{"timestamp":"2026-06-26T10:35:49.551167Z","level":"INFO","fields":{"message":"Concurrency control for download: Decreased concurrency from 1 to 1; reason: success ratio below threshold (connection struggling) (success_ratio = 1.000, threshold = 0.500)"},"filename":"D:\\a\\xet-core\\xet-core\\xet_client\\src\\cas_client\\adaptive_concurrency\\controller.rs","line_number":581}
{"timestamp":"2026-06-26T10:35:50.078761Z","level":"INFO","fields":{"message":"Concurrency control for download: Decreased concurrency from 1 to 1; reason: success ratio below threshold (connection struggling) (success_ratio = 1.000, threshold = 0.500)"},"filename":"D:\\a\\xet-core\\xet-core\\xet_client\\src\\cas_client\\adaptive_concurrency\\controller.rs","line_number":581}
{"timestamp":"2026-06-26T10:35:51.745076Z","level":"INFO","fields":{"message":"Concurrency control for download: Decreased concurrency from 1 to 1; reason: success ratio below threshold (connection struggling) (success_ratio = 1.000, threshold = 0.500)"},"filename":"D:\\a\\xet-core\\xet-core\\xet_client\\src\\cas_client\\adaptive_concurrency\\controller.rs","line_number":581}
{"timestamp":"2026-06-26T10:35:53.053017Z","level":"INFO","fields":{"message":"Concurrency control for download: Decreased concurrency from 1 to 1; reason: success ratio below threshold (connection struggling) (success_ratio = 1.000, threshold = 0.500)"},"filename":"D:\\a\\xet-core\\xet-core\\xet_client\\src\\cas_client\\adaptive_concurrency\\controller.rs","line_number":581}
{"timestamp":"2026-06-26T10:35:56.327473Z","level":"INFO","fields":{"message":"Concurrency control for download: Decreased concurrency from 1 to 1; reason: success ratio below threshold (connection struggling) (success_ratio = 1.000, threshold = 0.500)"},"filename":"D:\\a\\xet-core\\xet-core\\xet_client\\src\\cas_client\\adaptive_concurrency\\controller.rs","line_number":581}
{"timestamp":"2026-06-26T10:35:56.327500Z","level":"INFO","fields":{"message":"Concurrency control for download: Current concurrency = 1; predicted bandwidth = 497387; success_ratio = 1.000; reference_size = 61.0MB; observed bytes sent so far = 37050090; completed transmissions = 1"},"filename":"D:\\a\\xet-core\\xet-core\\xet_client\\src\\cas_client\\adaptive_concurrency\\controller.rs","line_number":597}
{"timestamp":"2026-06-26T10:35:57.631146Z","level":"INFO","fields":{"message":"Concurrency control for download: Decreased concurrency from 1 to 1; reason: success ratio below threshold (connection struggling) (success_ratio = 1.000, threshold = 0.500)"},"filename":"D:\\a\\xet-core\\xet-core\\xet_client\\src\\cas_client\\adaptive_concurrency\\controller.rs","line_number":581}
{"timestamp":"2026-06-26T10:35:59.387367Z","level":"INFO","fields":{"message":"Concurrency control for download: Decreased concurrency from 1 to 1; reason: success ratio below threshold (connection struggling) (success_ratio = 1.000, threshold = 0.500)"},"filename":"D:\\a\\xet-core\\xet-core\\xet_client\\src\\cas_client\\adaptive_concurrency\\controller.rs","line_number":581}
{"timestamp":"2026-06-26T10:36:01.291399Z","level":"INFO","fields":{"message":"Concurrency control for download: Decreased concurrency from 1 to 1; reason: success ratio below threshold (connection struggling) (success_ratio = 1.000, threshold = 0.500)"},"filename":"D:\\a\\xet-core\\xet-core\\xet_client\\src\\cas_client\\adaptive_concurrency\\controller.rs","line_number":581}
{"timestamp":"2026-06-26T10:36:03.250979Z","level":"INFO","fields":{"message":"Concurrency control for download: Decreased concurrency from 1 to 1; reason: success ratio below threshold (connection struggling) (success_ratio = 1.000, threshold = 0.500)"},"filename":"D:\\a\\xet-core\\xet-core\\xet_client\\src\\cas_client\\adaptive_concurrency\\controller.rs","line_number":581}
{"timestamp":"2026-06-26T10:36:04.885413Z","level":"INFO","fields":{"message":"Concurrency control for download: Decreased concurrency from 1 to 1; reason: success ratio below threshold (connection struggling) (success_ratio = 1.000, threshold = 0.500)"},"filename":"D:\\a\\xet-core\\xet-core\\xet_client\\src\\cas_client\\adaptive_concurrency\\controller.rs","line_number":581}
{"timestamp":"2026-06-26T10:36:06.081643Z","level":"INFO","fields":{"message":"Concurrency control for download: Decreased concurrency from 1 to 1; reason: success ratio below threshold (connection struggling) (success_ratio = 1.000, threshold = 0.500)"},"filename":"D:\\a\\xet-core\\xet-core\\xet_client\\src\\cas_client\\adaptive_concurrency\\controller.rs","line_number":581}
{"timestamp":"2026-06-26T10:36:07.438355Z","level":"INFO","fields":{"message":"Concurrency control for download: Decreased concurrency from 1 to 1; reason: success ratio below threshold (connection struggling) (success_ratio = 1.000, threshold = 0.500)"},"filename":"D:\\a\\xet-core\\xet-core\\xet_client\\src\\cas_client\\adaptive_concurrency\\controller.rs","line_number":581}
{"timestamp":"2026-06-26T10:36:07.438455Z","level":"INFO","fields":{"message":"Concurrency control for download: Current concurrency = 1; predicted bandwidth = 498086; success_ratio = 1.000; reference_size = 61.0MB; observed bytes sent so far = 37164778; completed transmissions = 1"},"filename":"D:\\a\\xet-core\\xet-core\\xet_client\\src\\cas_client\\adaptive_concurrency\\controller.rs","line_number":597}
{"timestamp":"2026-06-26T10:36:08.436197Z","level":"INFO","fields":{"message":"Concurrency control for download: Decreased concurrency from 1 to 1; reason: success ratio below threshold (connection struggling) (success_ratio = 1.000, threshold = 0.500)"},"filename":"D:\\a\\xet-core\\xet-core\\xet_client\\src\\cas_client\\adaptive_concurrency\\controller.rs","line_number":581}
{"timestamp":"2026-06-26T10:36:09.467404Z","level":"INFO","fields":{"message":"Concurrency control for download: Decreased concurrency from 1 to 1; reason: success ratio below threshold (connection struggling) (success_ratio = 1.000, threshold = 0.500)"},"filename":"D:\\a\\xet-core\\xet-core\\xet_client\\src\\cas_client\\adaptive_concurrency\\controller.rs","line_number":581}
{"timestamp":"2026-06-26T10:36:10.640833Z","level":"INFO","fields":{"message":"Concurrency control for download: Decreased concurrency from 1 to 1; reason: success ratio below threshold (connection struggling) (success_ratio = 1.000, threshold = 0.500)"},"filename":"D:\\a\\xet-core\\xet-core\\xet_client\\src\\cas_client\\adaptive_concurrency\\controller.rs","line_number":581}
{"timestamp":"2026-06-26T10:36:11.611370Z","level":"INFO","fields":{"message":"Concurrency control for download: Decreased concurrency from 1 to 1; reason: success ratio below threshold (connection struggling) (success_ratio = 1.000, threshold = 0.500)"},"filename":"D:\\a\\xet-core\\xet-core\\xet_client\\src\\cas_client\\adaptive_concurrency\\controller.rs","line_number":581}
{"timestamp":"2026-06-26T10:36:12.509524Z","level":"INFO","fields":{"message":"Concurrency control for download: Decreased concurrency from 1 to 1; reason: success ratio below threshold (connection struggling) (success_ratio = 1.000, threshold = 0.500)"},"filename":"D:\\a\\xet-core\\xet-core\\xet_client\\src\\cas_client\\adaptive_concurrency\\controller.rs","line_number":581}
{"timestamp":"2026-06-26T10:36:13.186861Z","level":"INFO","fields":{"message":"Concurrency control for download: Decreased concurrency from 1 to 1; reason: success ratio below threshold (connection struggling) (success_ratio = 1.000, threshold = 0.500)"},"filename":"D:\\a\\xet-core\\xet-core\\xet_client\\src\\cas_client\\adaptive_concurrency\\controller.rs","line_number":581}
{"timestamp":"2026-06-26T10:36:13.857716Z","level":"INFO","fields":{"message":"Concurrency control for download: Decreased concurrency from 1 to 1; reason: success ratio below threshold (connection struggling) (success_ratio = 1.000, threshold = 0.500)"},"filename":"D:\\a\\xet-core\\xet-core\\xet_client\\src\\cas_client\\adaptive_concurrency\\controller.rs","line_number":581}
{"timestamp":"2026-06-26T10:36:14.550253Z","level":"INFO","fields":{"message":"Concurrency control for download: Decreased concurrency from 1 to 1; reason: success ratio below threshold (connection struggling) (success_ratio = 1.000, threshold = 0.500)"},"filename":"D:\\a\\xet-core\\xet-core\\xet_client\\src\\cas_client\\adaptive_concurrency\\controller.rs","line_number":581}
{"timestamp":"2026-06-26T10:36:15.249315Z","level":"INFO","fields":{"message":"Concurrency control for download: Decreased concurrency from 1 to 1; reason: success ratio below threshold (connection struggling) (success_ratio = 1.000, threshold = 0.500)"},"filename":"D:\\a\\xet-core\\xet-core\\xet_client\\src\\cas_client\\adaptive_concurrency\\controller.rs","line_number":581}
{"timestamp":"2026-06-26T10:36:16.329931Z","level":"INFO","fields":{"message":"Concurrency control for download: Decreased concurrency from 1 to 1; reason: success ratio below threshold (connection struggling) (success_ratio = 1.000, threshold = 0.500)"},"filename":"D:\\a\\xet-core\\xet-core\\xet_client\\src\\cas_client\\adaptive_concurrency\\controller.rs","line_number":581}
{"timestamp":"2026-06-26T10:36:17.046613Z","level":"INFO","fields":{"message":"Concurrency control for download: Decreased concurrency from 1 to 1; reason: success ratio below threshold (connection struggling) (success_ratio = 1.000, threshold = 0.500)"},"filename":"D:\\a\\xet-core\\xet-core\\xet_client\\src\\cas_client\\adaptive_concurrency\\controller.rs","line_number":581}
{"timestamp":"2026-06-26T10:36:17.490412Z","level":"INFO","fields":{"message":"Concurrency control for download: Current concurrency = 1; predicted bandwidth = 502034; success_ratio = 1.000; reference_size = 61.0MB; observed bytes sent so far = 37377770; completed transmissions = 1"},"filename":"D:\\a\\xet-core\\xet-core\\xet_client\\src\\cas_client\\adaptive_concurrency\\controller.rs","line_number":597}
{"timestamp":"2026-06-26T10:36:17.977207Z","level":"INFO","fields":{"message":"Concurrency control for download: Decreased concurrency from 1 to 1; reason: success ratio below threshold (connection struggling) (success_ratio = 1.000, threshold = 0.500)"},"filename":"D:\\a\\xet-core\\xet-core\\xet_client\\src\\cas_client\\adaptive_concurrency\\controller.rs","line_number":581}
{"timestamp":"2026-06-26T10:36:18.979029Z","level":"INFO","fields":{"message":"Concurrency control for download: Decreased concurrency from 1 to 1; reason: success ratio below threshold (connection struggling) (success_ratio = 1.000, threshold = 0.500)"},"filename":"D:\\a\\xet-core\\xet-core\\xet_client\\src\\cas_client\\adaptive_concurrency\\controller.rs","line_number":581}
{"timestamp":"2026-06-26T10:36:20.856620Z","level":"INFO","fields":{"message":"Concurrency control for download: Decreased concurrency from 1 to 1; reason: success ratio below threshold (connection struggling) (success_ratio = 1.000, threshold = 0.500)"},"filename":"D:\\a\\xet-core\\xet-core\\xet_client\\src\\cas_client\\adaptive_concurrency\\controller.rs","line_number":581}
{"timestamp":"2026-06-26T10:36:21.602812Z","level":"INFO","fields":{"message":"Concurrency control for download: Decreased concurrency from 1 to 1; reason: success ratio below threshold (connection struggling) (success_ratio = 1.000, threshold = 0.500)"},"filename":"D:\\a\\xet-core\\xet-core\\xet_client\\src\\cas_client\\adaptive_concurrency\\controller.rs","line_number":581}
{"timestamp":"2026-06-26T10:36:22.196521Z","level":"INFO","fields":{"message":"Concurrency control for download: Decreased concurrency from 1 to 1; reason: success ratio below threshold (connection struggling) (success_ratio = 1.000, threshold = 0.500)"},"filename":"D:\\a\\xet-core\\xet-core\\xet_client\\src\\cas_client\\adaptive_concurrency\\controller.rs","line_number":581}
{"timestamp":"2026-06-26T10:36:23.078700Z","level":"INFO","fields":{"message":"Concurrency control for download: Decreased concurrency from 1 to 1; reason: success ratio below threshold (connection struggling) (success_ratio = 1.000, threshold = 0.500)"},"filename":"D:\\a\\xet-core\\xet-core\\xet_client\\src\\cas_client\\adaptive_concurrency\\controller.rs","line_number":581}
{"timestamp":"2026-06-26T10:36:23.580476Z","level":"INFO","fields":{"message":"Concurrency control for download: Decreased concurrency from 1 to 1; reason: success ratio below threshold (connection struggling) (success_ratio = 1.000, threshold = 0.500)"},"filename":"D:\\a\\xet-core\\xet-core\\xet_client\\src\\cas_client\\adaptive_concurrency\\controller.rs","line_number":581}
{"timestamp":"2026-06-26T10:36:24.184827Z","level":"INFO","fields":{"message":"Concurrency control for download: Decreased concurrency from 1 to 1; reason: success ratio below threshold (connection struggling) (success_ratio = 1.000, threshold = 0.500)"},"filename":"D:\\a\\xet-core\\xet-core\\xet_client\\src\\cas_client\\adaptive_concurrency\\controller.rs","line_number":581}
{"timestamp":"2026-06-26T10:36:24.937285Z","level":"INFO","fields":{"message":"Concurrency control for download: Decreased concurrency from 1 to 1; reason: success ratio below threshold (connection struggling) (success_ratio = 1.000, threshold = 0.500)"},"filename":"D:\\a\\xet-core\\xet-core\\xet_client\\src\\cas_client\\adaptive_concurrency\\controller.rs","line_number":581}
{"timestamp":"2026-06-26T10:36:25.811106Z","level":"INFO","fields":{"message":"Concurrency control for download: Decreased concurrency from 1 to 1; reason: success ratio below threshold (connection struggling) (success_ratio = 1.000, threshold = 0.500)"},"filename":"D:\\a\\xet-core\\xet-core\\xet_client\\src\\cas_client\\adaptive_concurrency\\controller.rs","line_number":581}
{"timestamp":"2026-06-26T10:36:26.530851Z","level":"INFO","fields":{"message":"Concurrency control for download: Decreased concurrency from 1 to 1; reason: success ratio below threshold (connection struggling) (success_ratio = 1.000, threshold = 0.500)"},"filename":"D:\\a\\xet-core\\xet-core\\xet_client\\src\\cas_client\\adaptive_concurrency\\controller.rs","line_number":581}
{"timestamp":"2026-06-26T10:36:27.428703Z","level":"INFO","fields":{"message":"Concurrency control for download: Decreased concurrency from 1 to 1; reason: success ratio below threshold (connection struggling) (success_ratio = 1.000, threshold = 0.500)"},"filename":"D:\\a\\xet-core\\xet-core\\xet_client\\src\\cas_client\\adaptive_concurrency\\controller.rs","line_number":581}
{"timestamp":"2026-06-26T10:36:27.867154Z","level":"INFO","fields":{"message":"Concurrency control for download: Current concurrency = 1; predicted bandwidth = 513210; success_ratio = 1.000; reference_size = 61.0MB; observed bytes sent so far = 37721834; completed transmissions = 1"},"filename":"D:\\a\\xet-core\\xet-core\\xet_client\\src\\cas_client\\adaptive_concurrency\\controller.rs","line_number":597}
{"timestamp":"2026-06-26T10:36:28.171446Z","level":"INFO","fields":{"message":"Concurrency control for download: Decreased concurrency from 1 to 1; reason: success ratio below threshold (connection struggling) (success_ratio = 1.000, threshold = 0.500)"},"filename":"D:\\a\\xet-core\\xet-core\\xet_client\\src\\cas_client\\adaptive_concurrency\\controller.rs","line_number":581}
{"timestamp":"2026-06-26T10:36:28.915464Z","level":"INFO","fields":{"message":"Concurrency control for download: Decreased concurrency from 1 to 1; reason: success ratio below threshold (connection struggling) (success_ratio = 1.000, threshold = 0.500)"},"filename":"D:\\a\\xet-core\\xet-core\\xet_client\\src\\cas_client\\adaptive_concurrency\\controller.rs","line_number":581}
{"timestamp":"2026-06-26T10:36:29.648688Z","level":"INFO","fields":{"message":"Concurrency control for download: Decreased concurrency from 1 to 1; reason: success ratio below threshold (connection struggling) (success_ratio = 1.000, threshold = 0.500)"},"filename":"D:\\a\\xet-core\\xet-core\\xet_client\\src\\cas_client\\adaptive_concurrency\\controller.rs","line_number":581}
{"timestamp":"2026-06-26T10:36:31.113667Z","level":"INFO","fields":{"message":"Concurrency control for download: Decreased concurrency from 1 to 1; reason: success ratio below threshold (connection struggling) (success_ratio = 1.000, threshold = 0.500)"},"filename":"D:\\a\\xet-core\\xet-core\\xet_client\\src\\cas_client\\adaptive_concurrency\\controller.rs","line_number":581}
{"timestamp":"2026-06-26T10:36:31.642386Z","level":"INFO","fields":{"message":"Concurrency control for download: Decreased concurrency from 1 to 1; reason: success ratio below threshold (connection struggling) (success_ratio = 1.000, threshold = 0.500)"},"filename":"D:\\a\\xet-core\\xet-core\\xet_client\\src\\cas_client\\adaptive_concurrency\\controller.rs","line_number":581}
{"timestamp":"2026-06-26T10:36:32.304200Z","level":"INFO","fields":{"message":"Concurrency control for download: Decreased concurrency from 1 to 1; reason: success ratio below threshold (connection struggling) (success_ratio = 1.000, threshold = 0.500)"},"filename":"D:\\a\\xet-core\\xet-core\\xet_client\\src\\cas_client\\adaptive_concurrency\\controller.rs","line_number":581}
{"timestamp":"2026-06-26T10:36:32.987325Z","level":"INFO","fields":{"message":"Concurrency control for download: Decreased concurrency from 1 to 1; reason: success ratio below threshold (connection struggling) (success_ratio = 1.000, threshold = 0.500)"},"filename":"D:\\a\\xet-core\\xet-core\\xet_client\\src\\cas_client\\adaptive_concurrency\\controller.rs","line_number":581}
{"timestamp":"2026-06-26T10:36:34.889972Z","level":"INFO","fields":{"message":"Concurrency control for download: Decreased concurrency from 1 to 1; reason: success ratio below threshold (connection struggling) (success_ratio = 1.000, threshold = 0.500)"},"filename":"D:\\a\\xet-core\\xet-core\\xet_client\\src\\cas_client\\adaptive_concurrency\\controller.rs","line_number":581}
{"timestamp":"2026-06-26T10:36:35.692045Z","level":"INFO","fields":{"message":"Concurrency control for download: Decreased concurrency from 1 to 1; reason: success ratio below threshold (connection struggling) (success_ratio = 1.000, threshold = 0.500)"},"filename":"D:\\a\\xet-core\\xet-core\\xet_client\\src\\cas_client\\adaptive_concurrency\\controller.rs","line_number":581}
{"timestamp":"2026-06-26T10:36:36.337111Z","level":"INFO","fields":{"message":"Concurrency control for download: Decreased concurrency from 1 to 1; reason: success ratio below threshold (connection struggling) (success_ratio = 1.000, threshold = 0.500)"},"filename":"D:\\a\\xet-core\\xet-core\\xet_client\\src\\cas_client\\adaptive_concurrency\\controller.rs","line_number":581}
{"timestamp":"2026-06-26T10:36:37.025933Z","level":"INFO","fields":{"message":"Concurrency control for download: Decreased concurrency from 1 to 1; reason: success ratio below threshold (connection struggling) (success_ratio = 1.000, threshold = 0.500)"},"filename":"D:\\a\\xet-core\\xet-core\\xet_client\\src\\cas_client\\adaptive_concurrency\\controller.rs","line_number":581}
{"timestamp":"2026-06-26T10:36:37.727067Z","level":"INFO","fields":{"message":"Concurrency control for download: Decreased concurrency from 1 to 1; reason: success ratio below threshold (connection struggling) (success_ratio = 1.000, threshold = 0.500)"},"filename":"D:\\a\\xet-core\\xet-core\\xet_client\\src\\cas_client\\adaptive_concurrency\\controller.rs","line_number":581}
{"timestamp":"2026-06-26T10:36:37.942898Z","level":"INFO","fields":{"message":"Concurrency control for download: Current concurrency = 1; predicted bandwidth = 534741; success_ratio = 1.000; reference_size = 61.0MB; observed bytes sent so far = 38147818; completed transmissions = 1"},"filename":"D:\\a\\xet-core\\xet-core\\xet_client\\src\\cas_client\\adaptive_concurrency\\controller.rs","line_number":597}
{"timestamp":"2026-06-26T10:36:38.343816Z","level":"INFO","fields":{"message":"Concurrency control for download: Decreased concurrency from 1 to 1; reason: success ratio below threshold (connection struggling) (success_ratio = 1.000, threshold = 0.500)"},"filename":"D:\\a\\xet-core\\xet-core\\xet_client\\src\\cas_client\\adaptive_concurrency\\controller.rs","line_number":581}
{"timestamp":"2026-06-26T10:36:39.289464Z","level":"INFO","fields":{"message":"Concurrency control for download: Decreased concurrency from 1 to 1; reason: success ratio below threshold (connection struggling) (success_ratio = 1.000, threshold = 0.500)"},"filename":"D:\\a\\xet-core\\xet-core\\xet_client\\src\\cas_client\\adaptive_concurrency\\controller.rs","line_number":581}
{"timestamp":"2026-06-26T10:36:39.861381Z","level":"INFO","fields":{"message":"Concurrency control for download: Decreased concurrency from 1 to 1; reason: success ratio below threshold (connection struggling) (success_ratio = 1.000, threshold = 0.500)"},"filename":"D:\\a\\xet-core\\xet-core\\xet_client\\src\\cas_client\\adaptive_concurrency\\controller.rs","line_number":581}
{"timestamp":"2026-06-26T10:36:40.668819Z","level":"INFO","fields":{"message":"Concurrency control for download: Decreased concurrency from 1 to 1; reason: success ratio below threshold (connection struggling) (success_ratio = 1.000, threshold = 0.500)"},"filename":"D:\\a\\xet-core\\xet-core\\xet_client\\src\\cas_client\\adaptive_concurrency\\controller.rs","line_number":581}
{"timestamp":"2026-06-26T10:36:41.368574Z","level":"INFO","fields":{"message":"Concurrency control for download: Decreased concurrency from 1 to 1; reason: success ratio below threshold (connection struggling) (success_ratio = 1.000, threshold = 0.500)"},"filename":"D:\\a\\xet-core\\xet-core\\xet_client\\src\\cas_client\\adaptive_concurrency\\controller.rs","line_number":581}
{"timestamp":"2026-06-26T10:36:41.913209Z","level":"INFO","fields":{"message":"Concurrency control for download: Decreased concurrency from 1 to 1; reason: success ratio below threshold (connection struggling) (success_ratio = 1.000, threshold = 0.500)"},"filename":"D:\\a\\xet-core\\xet-core\\xet_client\\src\\cas_client\\adaptive_concurrency\\controller.rs","line_number":581}
{"timestamp":"2026-06-26T10:36:42.510217Z","level":"INFO","fields":{"message":"Concurrency control for download: Decreased concurrency from 1 to 1; reason: success ratio below threshold (connection struggling) (success_ratio = 1.000, threshold = 0.500)"},"filename":"D:\\a\\xet-core\\xet-core\\xet_client\\src\\cas_client\\adaptive_concurrency\\controller.rs","line_number":581}
{"timestamp":"2026-06-26T10:36:43.175986Z","level":"INFO","fields":{"message":"Concurrency control for download: Decreased concurrency from 1 to 1; reason: success ratio below threshold (connection struggling) (success_ratio = 1.000, threshold = 0.500)"},"filename":"D:\\a\\xet-core\\xet-core\\xet_client\\src\\cas_client\\adaptive_concurrency\\controller.rs","line_number":581}
{"timestamp":"2026-06-26T10:36:43.930720Z","level":"INFO","fields":{"message":"Concurrency control for download: Decreased concurrency from 1 to 1; reason: success ratio below threshold (connection struggling) (success_ratio = 1.000, threshold = 0.500)"},"filename":"D:\\a\\xet-core\\xet-core\\xet_client\\src\\cas_client\\adaptive_concurrency\\controller.rs","line_number":581}
{"timestamp":"2026-06-26T10:36:44.649003Z","level":"INFO","fields":{"message":"Concurrency control for download: Decreased concurrency from 1 to 1; reason: success ratio below threshold (connection struggling) (success_ratio = 1.000, threshold = 0.500)"},"filename":"D:\\a\\xet-core\\xet-core\\xet_client\\src\\cas_client\\adaptive_concurrency\\controller.rs","line_number":581}
{"timestamp":"2026-06-26T10:36:45.495994Z","level":"INFO","fields":{"message":"Concurrency control for download: Decreased concurrency from 1 to 1; reason: success ratio below threshold (connection struggling) (success_ratio = 1.000, threshold = 0.500)"},"filename":"D:\\a\\xet-core\\xet-core\\xet_client\\src\\cas_client\\adaptive_concurrency\\controller.rs","line_number":581}
{"timestamp":"2026-06-26T10:36:46.351486Z","level":"INFO","fields":{"message":"Concurrency control for download: Decreased concurrency from 1 to 1; reason: success ratio below threshold (connection struggling) (success_ratio = 1.000, threshold = 0.500)"},"filename":"D:\\a\\xet-core\\xet-core\\xet_client\\src\\cas_client\\adaptive_concurrency\\controller.rs","line_number":581}
{"timestamp":"2026-06-26T10:36:46.958412Z","level":"INFO","fields":{"message":"Concurrency control for download: Decreased concurrency from 1 to 1; reason: success ratio below threshold (connection struggling) (success_ratio = 1.000, threshold = 0.500)"},"filename":"D:\\a\\xet-core\\xet-core\\xet_client\\src\\cas_client\\adaptive_concurrency\\controller.rs","line_number":581}
{"timestamp":"2026-06-26T10:36:47.652477Z","level":"INFO","fields":{"message":"Concurrency control for download: Decreased concurrency from 1 to 1; reason: success ratio below threshold (connection struggling) (success_ratio = 1.000, threshold = 0.500)"},"filename":"D:\\a\\xet-core\\xet-core\\xet_client\\src\\cas_client\\adaptive_concurrency\\controller.rs","line_number":581}
{"timestamp":"2026-06-26T10:36:48.223276Z","level":"INFO","fields":{"message":"Concurrency control for download: Decreased concurrency from 1 to 1; reason: success ratio below threshold (connection struggling) (success_ratio = 1.000, threshold = 0.500)"},"filename":"D:\\a\\xet-core\\xet-core\\xet_client\\src\\cas_client\\adaptive_concurrency\\controller.rs","line_number":581}
{"timestamp":"2026-06-26T10:36:48.223317Z","level":"INFO","fields":{"message":"Concurrency control for download: Current concurrency = 1; predicted bandwidth = 594549; success_ratio = 1.000; reference_size = 61.0MB; observed bytes sent so far = 38983402; completed transmissions = 1"},"filename":"D:\\a\\xet-core\\xet-core\\xet_client\\src\\cas_client\\adaptive_concurrency\\controller.rs","line_number":597}
{"timestamp":"2026-06-26T10:36:48.816343Z","level":"INFO","fields":{"message":"Concurrency control for download: Decreased concurrency from 1 to 1; reason: success ratio below threshold (connection struggling) (success_ratio = 1.000, threshold = 0.500)"},"filename":"D:\\a\\xet-core\\xet-core\\xet_client\\src\\cas_client\\adaptive_concurrency\\controller.rs","line_number":581}
{"timestamp":"2026-06-26T10:36:49.557192Z","level":"INFO","fields":{"message":"Concurrency control for download: Decreased concurrency from 1 to 1; reason: success ratio below threshold (connection struggling) (success_ratio = 1.000, threshold = 0.500)"},"filename":"D:\\a\\xet-core\\xet-core\\xet_client\\src\\cas_client\\adaptive_concurrency\\controller.rs","line_number":581}
{"timestamp":"2026-06-26T10:36:50.214032Z","level":"INFO","fields":{"message":"Concurrency control for download: Decreased concurrency from 1 to 1; reason: success ratio below threshold (connection struggling) (success_ratio = 1.000, threshold = 0.500)"},"filename":"D:\\a\\xet-core\\xet-core\\xet_client\\src\\cas_client\\adaptive_concurrency\\controller.rs","line_number":581}
{"timestamp":"2026-06-26T10:36:50.890564Z","level":"INFO","fields":{"message":"Concurrency control for download: Decreased concurrency from 1 to 1; reason: success ratio below threshold (connection struggling) (success_ratio = 1.000, threshold = 0.500)"},"filename":"D:\\a\\xet-core\\xet-core\\xet_client\\src\\cas_client\\adaptive_concurrency\\controller.rs","line_number":581}
{"timestamp":"2026-06-26T10:36:51.446440Z","level":"INFO","fields":{"message":"Concurrency control for download: Decreased concurrency from 1 to 1; reason: success ratio below threshold (connection struggling) (success_ratio = 1.000, threshold = 0.500)"},"filename":"D:\\a\\xet-core\\xet-core\\xet_client\\src\\cas_client\\adaptive_concurrency\\controller.rs","line_number":581}
{"timestamp":"2026-06-26T10:36:52.075978Z","level":"INFO","fields":{"message":"Concurrency control for download: Decreased concurrency from 1 to 1; reason: success ratio below threshold (connection struggling) (success_ratio = 1.000, threshold = 0.500)"},"filename":"D:\\a\\xet-core\\xet-core\\xet_client\\src\\cas_client\\adaptive_concurrency\\controller.rs","line_number":581}
{"timestamp":"2026-06-26T10:36:52.667939Z","level":"INFO","fields":{"message":"Concurrency control for download: Decreased concurrency from 1 to 1; reason: success ratio below threshold (connection struggling) (success_ratio = 1.000, threshold = 0.500)"},"filename":"D:\\a\\xet-core\\xet-core\\xet_client\\src\\cas_client\\adaptive_concurrency\\controller.rs","line_number":581}
{"timestamp":"2026-06-26T10:36:53.196031Z","level":"INFO","fields":{"message":"Concurrency control for download: Decreased concurrency from 1 to 1; reason: success ratio below threshold (connection struggling) (success_ratio = 1.000, threshold = 0.500)"},"filename":"D:\\a\\xet-core\\xet-core\\xet_client\\src\\cas_client\\adaptive_concurrency\\controller.rs","line_number":581}
{"timestamp":"2026-06-26T10:36:53.874667Z","level":"INFO","fields":{"message":"Concurrency control for download: Decreased concurrency from 1 to 1; reason: success ratio below threshold (connection struggling) (success_ratio = 1.000, threshold = 0.500)"},"filename":"D:\\a\\xet-core\\xet-core\\xet_client\\src\\cas_client\\adaptive_concurrency\\controller.rs","line_number":581}
{"timestamp":"2026-06-26T10:36:54.589660Z","level":"INFO","fields":{"message":"Concurrency control for download: Decreased concurrency from 1 to 1; reason: success ratio below threshold (connection struggling) (success_ratio = 1.000, threshold = 0.500)"},"filename":"D:\\a\\xet-core\\xet-core\\xet_client\\src\\cas_client\\adaptive_concurrency\\controller.rs","line_number":581}
{"timestamp":"2026-06-26T10:36:55.145190Z","level":"INFO","fields":{"message":"Concurrency control for download: Decreased concurrency from 1 to 1; reason: success ratio below threshold (connection struggling) (success_ratio = 1.000, threshold = 0.500)"},"filename":"D:\\a\\xet-core\\xet-core\\xet_client\\src\\cas_client\\adaptive_concurrency\\controller.rs","line_number":581}
{"timestamp":"2026-06-26T10:36:55.846863Z","level":"INFO","fields":{"message":"Concurrency control for download: Decreased concurrency from 1 to 1; reason: success ratio below threshold (connection struggling) (success_ratio = 1.000, threshold = 0.500)"},"filename":"D:\\a\\xet-core\\xet-core\\xet_client\\src\\cas_client\\adaptive_concurrency\\controller.rs","line_number":581}
{"timestamp":"2026-06-26T10:36:56.512966Z","level":"INFO","fields":{"message":"Concurrency control for download: Decreased concurrency from 1 to 1; reason: success ratio below threshold (connection struggling) (success_ratio = 1.000, threshold = 0.500)"},"filename":"D:\\a\\xet-core\\xet-core\\xet_client\\src\\cas_client\\adaptive_concurrency\\controller.rs","line_number":581}
{"timestamp":"2026-06-26T10:36:57.155406Z","level":"INFO","fields":{"message":"Concurrency control for download: Decreased concurrency from 1 to 1; reason: success ratio below threshold (connection struggling) (success_ratio = 1.000, threshold = 0.500)"},"filename":"D:\\a\\xet-core\\xet-core\\xet_client\\src\\cas_client\\adaptive_concurrency\\controller.rs","line_number":581}
{"timestamp":"2026-06-26T10:36:57.666712Z","level":"INFO","fields":{"message":"Concurrency control for download: Decreased concurrency from 1 to 1; reason: success ratio below threshold (connection struggling) (success_ratio = 1.000, threshold = 0.500)"},"filename":"D:\\a\\xet-core\\xet-core\\xet_client\\src\\cas_client\\adaptive_concurrency\\controller.rs","line_number":581}
{"timestamp":"2026-06-26T10:36:58.293835Z","level":"INFO","fields":{"message":"Concurrency control for download: Decreased concurrency from 1 to 1; reason: success ratio below threshold (connection struggling) (success_ratio = 1.000, threshold = 0.500)"},"filename":"D:\\a\\xet-core\\xet-core\\xet_client\\src\\cas_client\\adaptive_concurrency\\controller.rs","line_number":581}
{"timestamp":"2026-06-26T10:36:58.293865Z","level":"INFO","fields":{"message":"Concurrency control for download: Current concurrency = 1; predicted bandwidth = 684308; success_ratio = 1.000; reference_size = 61.0MB; observed bytes sent so far = 40179434; completed transmissions = 1"},"filename":"D:\\a\\xet-core\\xet-core\\xet_client\\src\\cas_client\\adaptive_concurrency\\controller.rs","line_number":597}
{"timestamp":"2026-06-26T10:36:58.897918Z","level":"INFO","fields":{"message":"Concurrency control for download: Decreased concurrency from 1 to 1; reason: success ratio below threshold (connection struggling) (success_ratio = 1.000, threshold = 0.500)"},"filename":"D:\\a\\xet-core\\xet-core\\xet_client\\src\\cas_client\\adaptive_concurrency\\controller.rs","line_number":581}
{"timestamp":"2026-06-26T10:36:59.872809Z","level":"INFO","fields":{"message":"Concurrency control for download: Decreased concurrency from 1 to 1; reason: success ratio below threshold (connection struggling) (success_ratio = 1.000, threshold = 0.500)"},"filename":"D:\\a\\xet-core\\xet-core\\xet_client\\src\\cas_client\\adaptive_concurrency\\controller.rs","line_number":581}
{"timestamp":"2026-06-26T10:37:00.894104Z","level":"INFO","fields":{"message":"Concurrency control for download: Decreased concurrency from 1 to 1; reason: success ratio below threshold (connection struggling) (success_ratio = 1.000, threshold = 0.500)"},"filename":"D:\\a\\xet-core\\xet-core\\xet_client\\src\\cas_client\\adaptive_concurrency\\controller.rs","line_number":581}
{"timestamp":"2026-06-26T10:37:01.900666Z","level":"INFO","fields":{"message":"Concurrency control for download: Decreased concurrency from 1 to 1; reason: success ratio below threshold (connection struggling) (success_ratio = 1.000, threshold = 0.500)"},"filename":"D:\\a\\xet-core\\xet-core\\xet_client\\src\\cas_client\\adaptive_concurrency\\controller.rs","line_number":581}
{"timestamp":"2026-06-26T10:37:02.585380Z","level":"INFO","fields":{"message":"Concurrency control for download: Decreased concurrency from 1 to 1; reason: success ratio below threshold (connection struggling) (success_ratio = 1.000, threshold = 0.500)"},"filename":"D:\\a\\xet-core\\xet-core\\xet_client\\src\\cas_client\\adaptive_concurrency\\controller.rs","line_number":581}
{"timestamp":"2026-06-26T10:37:03.266996Z","level":"INFO","fields":{"message":"Concurrency control for download: Decreased concurrency from 1 to 1; reason: success ratio below threshold (connection struggling) (success_ratio = 1.000, threshold = 0.500)"},"filename":"D:\\a\\xet-core\\xet-core\\xet_client\\src\\cas_client\\adaptive_concurrency\\controller.rs","line_number":581}
{"timestamp":"2026-06-26T10:37:03.964388Z","level":"INFO","fields":{"message":"Concurrency control for download: Decreased concurrency from 1 to 1; reason: success ratio below threshold (connection struggling) (success_ratio = 1.000, threshold = 0.500)"},"filename":"D:\\a\\xet-core\\xet-core\\xet_client\\src\\cas_client\\adaptive_concurrency\\controller.rs","line_number":581}
{"timestamp":"2026-06-26T10:37:04.635080Z","level":"INFO","fields":{"message":"Concurrency control for download: Decreased concurrency from 1 to 1; reason: success ratio below threshold (connection struggling) (success_ratio = 1.000, threshold = 0.500)"},"filename":"D:\\a\\xet-core\\xet-core\\xet_client\\src\\cas_client\\adaptive_concurrency\\controller.rs","line_number":581}
{"timestamp":"2026-06-26T10:37:05.582828Z","level":"INFO","fields":{"message":"Concurrency control for download: Decreased concurrency from 1 to 1; reason: success ratio below threshold (connection struggling) (success_ratio = 1.000, threshold = 0.500)"},"filename":"D:\\a\\xet-core\\xet-core\\xet_client\\src\\cas_client\\adaptive_concurrency\\controller.rs","line_number":581}
{"timestamp":"2026-06-26T10:37:06.646167Z","level":"INFO","fields":{"message":"Concurrency control for download: Decreased concurrency from 1 to 1; reason: success ratio below threshold (connection struggling) (success_ratio = 1.000, threshold = 0.500)"},"filename":"D:\\a\\xet-core\\xet-core\\xet_client\\src\\cas_client\\adaptive_concurrency\\controller.rs","line_number":581}
{"timestamp":"2026-06-26T10:37:07.778615Z","level":"INFO","fields":{"message":"Concurrency control for download: Decreased concurrency from 1 to 1; reason: success ratio below threshold (connection struggling) (success_ratio = 1.000, threshold = 0.500)"},"filename":"D:\\a\\xet-core\\xet-core\\xet_client\\src\\cas_client\\adaptive_concurrency\\controller.rs","line_number":581}
{"timestamp":"2026-06-26T10:37:08.505340Z","level":"INFO","fields":{"message":"Concurrency control for download: Decreased concurrency from 1 to 1; reason: success ratio below threshold (connection struggling) (success_ratio = 1.000, threshold = 0.500)"},"filename":"D:\\a\\xet-core\\xet-core\\xet_client\\src\\cas_client\\adaptive_concurrency\\controller.rs","line_number":581}
{"timestamp":"2026-06-26T10:37:08.505365Z","level":"INFO","fields":{"message":"Concurrency control for download: Current concurrency = 1; predicted bandwidth = 775706; success_ratio = 1.000; reference_size = 61.0MB; observed bytes sent so far = 42129130; completed transmissions = 1"},"filename":"D:\\a\\xet-core\\xet-core\\xet_client\\src\\cas_client\\adaptive_concurrency\\controller.rs","line_number":597}
{"timestamp":"2026-06-26T10:37:09.177686Z","level":"INFO","fields":{"message":"Concurrency control for download: Decreased concurrency from 1 to 1; reason: success ratio below threshold (connection struggling) (success_ratio = 1.000, threshold = 0.500)"},"filename":"D:\\a\\xet-core\\xet-core\\xet_client\\src\\cas_client\\adaptive_concurrency\\controller.rs","line_number":581}
{"timestamp":"2026-06-26T10:37:09.946797Z","level":"INFO","fields":{"message":"Concurrency control for download: Decreased concurrency from 1 to 1; reason: success ratio below threshold (connection struggling) (success_ratio = 1.000, threshold = 0.500)"},"filename":"D:\\a\\xet-core\\xet-core\\xet_client\\src\\cas_client\\adaptive_concurrency\\controller.rs","line_number":581}
{"timestamp":"2026-06-26T10:37:11.063563Z","level":"INFO","fields":{"message":"Concurrency control for download: Decreased concurrency from 1 to 1; reason: success ratio below threshold (connection struggling) (success_ratio = 1.000, threshold = 0.500)"},"filename":"D:\\a\\xet-core\\xet-core\\xet_client\\src\\cas_client\\adaptive_concurrency\\controller.rs","line_number":581}
{"timestamp":"2026-06-26T10:37:11.631509Z","level":"INFO","fields":{"message":"Concurrency control for download: Decreased concurrency from 1 to 1; reason: success ratio below threshold (connection struggling) (success_ratio = 1.000, threshold = 0.500)"},"filename":"D:\\a\\xet-core\\xet-core\\xet_client\\src\\cas_client\\adaptive_concurrency\\controller.rs","line_number":581}
{"timestamp":"2026-06-26T10:37:12.285984Z","level":"INFO","fields":{"message":"Concurrency control for download: Decreased concurrency from 1 to 1; reason: success ratio below threshold (connection struggling) (success_ratio = 1.000, threshold = 0.500)"},"filename":"D:\\a\\xet-core\\xet-core\\xet_client\\src\\cas_client\\adaptive_concurrency\\controller.rs","line_number":581}
{"timestamp":"2026-06-26T10:37:12.913657Z","level":"INFO","fields":{"message":"Concurrency control for download: Decreased concurrency from 1 to 1; reason: success ratio below threshold (connection struggling) (success_ratio = 1.000, threshold = 0.500)"},"filename":"D:\\a\\xet-core\\xet-core\\xet_client\\src\\cas_client\\adaptive_concurrency\\controller.rs","line_number":581}
{"timestamp":"2026-06-26T10:37:13.757909Z","level":"INFO","fields":{"message":"Concurrency control for download: Decreased concurrency from 1 to 1; reason: success ratio below threshold (connection struggling) (success_ratio = 1.000, threshold = 0.500)"},"filename":"D:\\a\\xet-core\\xet-core\\xet_client\\src\\cas_client\\adaptive_concurrency\\controller.rs","line_number":581}
{"timestamp":"2026-06-26T10:37:14.364825Z","level":"INFO","fields":{"message":"Concurrency control for download: Decreased concurrency from 1 to 1; reason: success ratio below threshold (connection struggling) (success_ratio = 1.000, threshold = 0.500)"},"filename":"D:\\a\\xet-core\\xet-core\\xet_client\\src\\cas_client\\adaptive_concurrency\\controller.rs","line_number":581}
{"timestamp":"2026-06-26T10:37:15.088298Z","level":"INFO","fields":{"message":"Concurrency control for download: Decreased concurrency from 1 to 1; reason: success ratio below threshold (connection struggling) (success_ratio = 1.000, threshold = 0.500)"},"filename":"D:\\a\\xet-core\\xet-core\\xet_client\\src\\cas_client\\adaptive_concurrency\\controller.rs","line_number":581}
{"timestamp":"2026-06-26T10:37:15.657349Z","level":"INFO","fields":{"message":"Concurrency control for download: Decreased concurrency from 1 to 1; reason: success ratio below threshold (connection struggling) (success_ratio = 1.000, threshold = 0.500)"},"filename":"D:\\a\\xet-core\\xet-core\\xet_client\\src\\cas_client\\adaptive_concurrency\\controller.rs","line_number":581}
{"timestamp":"2026-06-26T10:37:16.713492Z","level":"INFO","fields":{"message":"Concurrency control for download: Decreased concurrency from 1 to 1; reason: success ratio below threshold (connection struggling) (success_ratio = 1.000, threshold = 0.500)"},"filename":"D:\\a\\xet-core\\xet-core\\xet_client\\src\\cas_client\\adaptive_concurrency\\controller.rs","line_number":581}
{"timestamp":"2026-06-26T10:37:17.260318Z","level":"INFO","fields":{"message":"Concurrency control for download: Decreased concurrency from 1 to 1; reason: success ratio below threshold (connection struggling) (success_ratio = 1.000, threshold = 0.500)"},"filename":"D:\\a\\xet-core\\xet-core\\xet_client\\src\\cas_client\\adaptive_concurrency\\controller.rs","line_number":581}
{"timestamp":"2026-06-26T10:37:18.142093Z","level":"INFO","fields":{"message":"Concurrency control for download: Decreased concurrency from 1 to 1; reason: success ratio below threshold (connection struggling) (success_ratio = 1.000, threshold = 0.500)"},"filename":"D:\\a\\xet-core\\xet-core\\xet_client\\src\\cas_client\\adaptive_concurrency\\controller.rs","line_number":581}
{"timestamp":"2026-06-26T10:37:19.221079Z","level":"INFO","fields":{"message":"Concurrency control for download: Decreased concurrency from 1 to 1; reason: success ratio below threshold (connection struggling) (success_ratio = 1.000, threshold = 0.500)"},"filename":"D:\\a\\xet-core\\xet-core\\xet_client\\src\\cas_client\\adaptive_concurrency\\controller.rs","line_number":581}
{"timestamp":"2026-06-26T10:37:19.221105Z","level":"INFO","fields":{"message":"Concurrency control for download: Current concurrency = 1; predicted bandwidth = 766496; success_ratio = 1.000; reference_size = 61.0MB; observed bytes sent so far = 45094634; completed transmissions = 1"},"filename":"D:\\a\\xet-core\\xet-core\\xet_client\\src\\cas_client\\adaptive_concurrency\\controller.rs","line_number":597}
{"timestamp":"2026-06-26T10:37:20.161149Z","level":"INFO","fields":{"message":"Concurrency control for download: Decreased concurrency from 1 to 1; reason: success ratio below threshold (connection struggling) (success_ratio = 1.000, threshold = 0.500)"},"filename":"D:\\a\\xet-core\\xet-core\\xet_client\\src\\cas_client\\adaptive_concurrency\\controller.rs","line_number":581}
{"timestamp":"2026-06-26T10:37:21.777011Z","level":"INFO","fields":{"message":"Concurrency control for download: Decreased concurrency from 1 to 1; reason: success ratio below threshold (connection struggling) (success_ratio = 1.000, threshold = 0.500)"},"filename":"D:\\a\\xet-core\\xet-core\\xet_client\\src\\cas_client\\adaptive_concurrency\\controller.rs","line_number":581}
{"timestamp":"2026-06-26T10:37:22.330547Z","level":"INFO","fields":{"message":"Concurrency control for download: Decreased concurrency from 1 to 1; reason: success ratio below threshold (connection struggling) (success_ratio = 1.000, threshold = 0.500)"},"filename":"D:\\a\\xet-core\\xet-core\\xet_client\\src\\cas_client\\adaptive_concurrency\\controller.rs","line_number":581}
{"timestamp":"2026-06-26T10:37:24.449274Z","level":"INFO","fields":{"message":"Concurrency control for download: Decreased concurrency from 1 to 1; reason: success ratio below threshold (connection struggling) (success_ratio = 1.000, threshold = 0.500)"},"filename":"D:\\a\\xet-core\\xet-core\\xet_client\\src\\cas_client\\adaptive_concurrency\\controller.rs","line_number":581}
{"timestamp":"2026-06-26T10:37:25.186542Z","level":"INFO","fields":{"message":"Concurrency control for download: Decreased concurrency from 1 to 1; reason: success ratio below threshold (connection struggling) (success_ratio = 1.000, threshold = 0.500)"},"filename":"D:\\a\\xet-core\\xet-core\\xet_client\\src\\cas_client\\adaptive_concurrency\\controller.rs","line_number":581}
{"timestamp":"2026-06-26T10:37:26.532769Z","level":"INFO","fields":{"message":"Concurrency control for download: Decreased concurrency from 1 to 1; reason: success ratio below threshold (connection struggling) (success_ratio = 1.000, threshold = 0.500)"},"filename":"D:\\a\\xet-core\\xet-core\\xet_client\\src\\cas_client\\adaptive_concurrency\\controller.rs","line_number":581}
{"timestamp":"2026-06-26T10:37:27.210211Z","level":"INFO","fields":{"message":"Concurrency control for download: Decreased concurrency from 1 to 1; reason: success ratio below threshold (connection struggling) (success_ratio = 1.000, threshold = 0.500)"},"filename":"D:\\a\\xet-core\\xet-core\\xet_client\\src\\cas_client\\adaptive_concurrency\\controller.rs","line_number":581}
{"timestamp":"2026-06-26T10:37:27.909783Z","level":"INFO","fields":{"message":"Concurrency control for download: Decreased concurrency from 1 to 1; reason: success ratio below threshold (connection struggling) (success_ratio = 1.000, threshold = 0.500)"},"filename":"D:\\a\\xet-core\\xet-core\\xet_client\\src\\cas_client\\adaptive_concurrency\\controller.rs","line_number":581}
{"timestamp":"2026-06-26T10:37:28.561150Z","level":"INFO","fields":{"message":"Concurrency control for download: Decreased concurrency from 1 to 1; reason: success ratio below threshold (connection struggling) (success_ratio = 1.000, threshold = 0.500)"},"filename":"D:\\a\\xet-core\\xet-core\\xet_client\\src\\cas_client\\adaptive_concurrency\\controller.rs","line_number":581}
{"timestamp":"2026-06-26T10:37:29.298629Z","level":"INFO","fields":{"message":"Concurrency control for download: Decreased concurrency from 1 to 1; reason: success ratio below threshold (connection struggling) (success_ratio = 1.000, threshold = 0.500)"},"filename":"D:\\a\\xet-core\\xet-core\\xet_client\\src\\cas_client\\adaptive_concurrency\\controller.rs","line_number":581}
{"timestamp":"2026-06-26T10:37:29.298652Z","level":"INFO","fields":{"message":"Concurrency control for download: Current concurrency = 1; predicted bandwidth = 729692; success_ratio = 1.000; reference_size = 61.0MB; observed bytes sent so far = 46749418; completed transmissions = 1"},"filename":"D:\\a\\xet-core\\xet-core\\xet_client\\src\\cas_client\\adaptive_concurrency\\controller.rs","line_number":597}
{"timestamp":"2026-06-26T10:37:30.001720Z","level":"INFO","fields":{"message":"Concurrency control for download: Decreased concurrency from 1 to 1; reason: success ratio below threshold (connection struggling) (success_ratio = 1.000, threshold = 0.500)"},"filename":"D:\\a\\xet-core\\xet-core\\xet_client\\src\\cas_client\\adaptive_concurrency\\controller.rs","line_number":581}
{"timestamp":"2026-06-26T10:37:30.947247Z","level":"INFO","fields":{"message":"Concurrency control for download: Decreased concurrency from 1 to 1; reason: success ratio below threshold (connection struggling) (success_ratio = 1.000, threshold = 0.500)"},"filename":"D:\\a\\xet-core\\xet-core\\xet_client\\src\\cas_client\\adaptive_concurrency\\controller.rs","line_number":581}
{"timestamp":"2026-06-26T10:37:31.650372Z","level":"INFO","fields":{"message":"Concurrency control for download: Decreased concurrency from 1 to 1; reason: success ratio below threshold (connection struggling) (success_ratio = 1.000, threshold = 0.500)"},"filename":"D:\\a\\xet-core\\xet-core\\xet_client\\src\\cas_client\\adaptive_concurrency\\controller.rs","line_number":581}
{"timestamp":"2026-06-26T10:37:32.323471Z","level":"INFO","fields":{"message":"Concurrency control for download: Decreased concurrency from 1 to 1; reason: success ratio below threshold (connection struggling) (success_ratio = 1.000, threshold = 0.500)"},"filename":"D:\\a\\xet-core\\xet-core\\xet_client\\src\\cas_client\\adaptive_concurrency\\controller.rs","line_number":581}
{"timestamp":"2026-06-26T10:37:33.040960Z","level":"INFO","fields":{"message":"Concurrency control for download: Decreased concurrency from 1 to 1; reason: success ratio below threshold (connection struggling) (success_ratio = 1.000, threshold = 0.500)"},"filename":"D:\\a\\xet-core\\xet-core\\xet_client\\src\\cas_client\\adaptive_concurrency\\controller.rs","line_number":581}
{"timestamp":"2026-06-26T10:37:33.696565Z","level":"INFO","fields":{"message":"Concurrency control for download: Decreased concurrency from 1 to 1; reason: success ratio below threshold (connection struggling) (success_ratio = 1.000, threshold = 0.500)"},"filename":"D:\\a\\xet-core\\xet-core\\xet_client\\src\\cas_client\\adaptive_concurrency\\controller.rs","line_number":581}
{"timestamp":"2026-06-26T10:37:34.894993Z","level":"INFO","fields":{"message":"Concurrency control for download: Decreased concurrency from 1 to 1; reason: success ratio below threshold (connection struggling) (success_ratio = 1.000, threshold = 0.500)"},"filename":"D:\\a\\xet-core\\xet-core\\xet_client\\src\\cas_client\\adaptive_concurrency\\controller.rs","line_number":581}
{"timestamp":"2026-06-26T10:37:35.644661Z","level":"INFO","fields":{"message":"Concurrency control for download: Decreased concurrency from 1 to 1; reason: success ratio below threshold (connection struggling) (success_ratio = 1.000, threshold = 0.500)"},"filename":"D:\\a\\xet-core\\xet-core\\xet_client\\src\\cas_client\\adaptive_concurrency\\controller.rs","line_number":581}
{"timestamp":"2026-06-26T10:37:36.151515Z","level":"INFO","fields":{"message":"Concurrency control for download: Decreased concurrency from 1 to 1; reason: success ratio below threshold (connection struggling) (success_ratio = 1.000, threshold = 0.500)"},"filename":"D:\\a\\xet-core\\xet-core\\xet_client\\src\\cas_client\\adaptive_concurrency\\controller.rs","line_number":581}
{"timestamp":"2026-06-26T10:37:37.003344Z","level":"INFO","fields":{"message":"Concurrency control for download: Decreased concurrency from 1 to 1; reason: success ratio below threshold (connection struggling) (success_ratio = 1.000, threshold = 0.500)"},"filename":"D:\\a\\xet-core\\xet-core\\xet_client\\src\\cas_client\\adaptive_concurrency\\controller.rs","line_number":581}
{"timestamp":"2026-06-26T10:37:37.683831Z","level":"INFO","fields":{"message":"Concurrency control for download: Decreased concurrency from 1 to 1; reason: success ratio below threshold (connection struggling) (success_ratio = 1.000, threshold = 0.500)"},"filename":"D:\\a\\xet-core\\xet-core\\xet_client\\src\\cas_client\\adaptive_concurrency\\controller.rs","line_number":581}
{"timestamp":"2026-06-26T10:37:38.708943Z","level":"INFO","fields":{"message":"Concurrency control for download: Decreased concurrency from 1 to 1; reason: success ratio below threshold (connection struggling) (success_ratio = 1.000, threshold = 0.500)"},"filename":"D:\\a\\xet-core\\xet-core\\xet_client\\src\\cas_client\\adaptive_concurrency\\controller.rs","line_number":581}
{"timestamp":"2026-06-26T10:37:39.376342Z","level":"INFO","fields":{"message":"Concurrency control for download: Decreased concurrency from 1 to 1; reason: success ratio below threshold (connection struggling) (success_ratio = 1.000, threshold = 0.500)"},"filename":"D:\\a\\xet-core\\xet-core\\xet_client\\src\\cas_client\\adaptive_concurrency\\controller.rs","line_number":581}
{"timestamp":"2026-06-26T10:37:39.376389Z","level":"INFO","fields":{"message":"Concurrency control for download: Current concurrency = 1; predicted bandwidth = 618707; success_ratio = 1.000; reference_size = 61.0MB; observed bytes sent so far = 49682154; completed transmissions = 1"},"filename":"D:\\a\\xet-core\\xet-core\\xet_client\\src\\cas_client\\adaptive_concurrency\\controller.rs","line_number":597}
{"timestamp":"2026-06-26T10:37:39.904865Z","level":"INFO","fields":{"message":"Concurrency control for download: Decreased concurrency from 1 to 1; reason: success ratio below threshold (connection struggling) (success_ratio = 1.000, threshold = 0.500)"},"filename":"D:\\a\\xet-core\\xet-core\\xet_client\\src\\cas_client\\adaptive_concurrency\\controller.rs","line_number":581}
{"timestamp":"2026-06-26T10:37:40.635430Z","level":"INFO","fields":{"message":"Concurrency control for download: Decreased concurrency from 1 to 1; reason: success ratio below threshold (connection struggling) (success_ratio = 1.000, threshold = 0.500)"},"filename":"D:\\a\\xet-core\\xet-core\\xet_client\\src\\cas_client\\adaptive_concurrency\\controller.rs","line_number":581}
{"timestamp":"2026-06-26T10:37:41.309125Z","level":"INFO","fields":{"message":"Concurrency control for download: Decreased concurrency from 1 to 1; reason: success ratio below threshold (connection struggling) (success_ratio = 1.000, threshold = 0.500)"},"filename":"D:\\a\\xet-core\\xet-core\\xet_client\\src\\cas_client\\adaptive_concurrency\\controller.rs","line_number":581}
{"timestamp":"2026-06-26T10:37:42.377457Z","level":"INFO","fields":{"message":"Concurrency control for download: Decreased concurrency from 1 to 1; reason: success ratio below threshold (connection struggling) (success_ratio = 1.000, threshold = 0.500)"},"filename":"D:\\a\\xet-core\\xet-core\\xet_client\\src\\cas_client\\adaptive_concurrency\\controller.rs","line_number":581}
{"timestamp":"2026-06-26T10:37:42.971061Z","level":"INFO","fields":{"message":"Concurrency control for download: Decreased concurrency from 1 to 1; reason: success ratio below threshold (connection struggling) (success_ratio = 1.000, threshold = 0.500)"},"filename":"D:\\a\\xet-core\\xet-core\\xet_client\\src\\cas_client\\adaptive_concurrency\\controller.rs","line_number":581}
{"timestamp":"2026-06-26T10:37:43.567750Z","level":"INFO","fields":{"message":"Concurrency control for download: Decreased concurrency from 1 to 1; reason: success ratio below threshold (connection struggling) (success_ratio = 1.000, threshold = 0.500)"},"filename":"D:\\a\\xet-core\\xet-core\\xet_client\\src\\cas_client\\adaptive_concurrency\\controller.rs","line_number":581}
{"timestamp":"2026-06-26T10:37:44.081568Z","level":"INFO","fields":{"message":"Concurrency control for download: Decreased concurrency from 1 to 1; reason: success ratio below threshold (connection struggling) (success_ratio = 1.000, threshold = 0.500)"},"filename":"D:\\a\\xet-core\\xet-core\\xet_client\\src\\cas_client\\adaptive_concurrency\\controller.rs","line_number":581}
{"timestamp":"2026-06-26T10:37:44.726272Z","level":"INFO","fields":{"message":"Concurrency control for download: Decreased concurrency from 1 to 1; reason: success ratio below threshold (connection struggling) (success_ratio = 1.000, threshold = 0.500)"},"filename":"D:\\a\\xet-core\\xet-core\\xet_client\\src\\cas_client\\adaptive_concurrency\\controller.rs","line_number":581}
{"timestamp":"2026-06-26T10:37:45.344200Z","level":"INFO","fields":{"message":"Concurrency control for download: Decreased concurrency from 1 to 1; reason: success ratio below threshold (connection struggling) (success_ratio = 1.000, threshold = 0.500)"},"filename":"D:\\a\\xet-core\\xet-core\\xet_client\\src\\cas_client\\adaptive_concurrency\\controller.rs","line_number":581}
{"timestamp":"2026-06-26T10:37:46.058969Z","level":"INFO","fields":{"message":"Concurrency control for download: Decreased concurrency from 1 to 1; reason: success ratio below threshold (connection struggling) (success_ratio = 1.000, threshold = 0.500)"},"filename":"D:\\a\\xet-core\\xet-core\\xet_client\\src\\cas_client\\adaptive_concurrency\\controller.rs","line_number":581}
{"timestamp":"2026-06-26T10:37:46.735514Z","level":"INFO","fields":{"message":"Concurrency control for download: Decreased concurrency from 1 to 1; reason: success ratio below threshold (connection struggling) (success_ratio = 1.000, threshold = 0.500)"},"filename":"D:\\a\\xet-core\\xet-core\\xet_client\\src\\cas_client\\adaptive_concurrency\\controller.rs","line_number":581}
{"timestamp":"2026-06-26T10:37:47.741928Z","level":"INFO","fields":{"message":"Concurrency control for download: Decreased concurrency from 1 to 1; reason: success ratio below threshold (connection struggling) (success_ratio = 1.000, threshold = 0.500)"},"filename":"D:\\a\\xet-core\\xet-core\\xet_client\\src\\cas_client\\adaptive_concurrency\\controller.rs","line_number":581}
{"timestamp":"2026-06-26T10:37:48.364801Z","level":"INFO","fields":{"message":"Concurrency control for download: Decreased concurrency from 1 to 1; reason: success ratio below threshold (connection struggling) (success_ratio = 1.000, threshold = 0.500)"},"filename":"D:\\a\\xet-core\\xet-core\\xet_client\\src\\cas_client\\adaptive_concurrency\\controller.rs","line_number":581}
{"timestamp":"2026-06-26T10:37:49.010744Z","level":"INFO","fields":{"message":"Concurrency control for download: Decreased concurrency from 1 to 1; reason: success ratio below threshold (connection struggling) (success_ratio = 1.000, threshold = 0.500)"},"filename":"D:\\a\\xet-core\\xet-core\\xet_client\\src\\cas_client\\adaptive_concurrency\\controller.rs","line_number":581}
{"timestamp":"2026-06-26T10:37:49.642279Z","level":"INFO","fields":{"message":"Concurrency control for download: Decreased concurrency from 1 to 1; reason: success ratio below threshold (connection struggling) (success_ratio = 1.000, threshold = 0.500)"},"filename":"D:\\a\\xet-core\\xet-core\\xet_client\\src\\cas_client\\adaptive_concurrency\\controller.rs","line_number":581}
{"timestamp":"2026-06-26T10:37:49.642314Z","level":"INFO","fields":{"message":"Concurrency control for download: Current concurrency = 1; predicted bandwidth = 460534; success_ratio = 1.000; reference_size = 61.0MB; observed bytes sent so far = 53204714; completed transmissions = 1"},"filename":"D:\\a\\xet-core\\xet-core\\xet_client\\src\\cas_client\\adaptive_concurrency\\controller.rs","line_number":597}
{"timestamp":"2026-06-26T10:37:50.411015Z","level":"INFO","fields":{"message":"Concurrency control for download: Decreased concurrency from 1 to 1; reason: success ratio below threshold (connection struggling) (success_ratio = 1.000, threshold = 0.500)"},"filename":"D:\\a\\xet-core\\xet-core\\xet_client\\src\\cas_client\\adaptive_concurrency\\controller.rs","line_number":581}
{"timestamp":"2026-06-26T10:37:51.173583Z","level":"INFO","fields":{"message":"Concurrency control for download: Decreased concurrency from 1 to 1; reason: success ratio below threshold (connection struggling) (success_ratio = 1.000, threshold = 0.500)"},"filename":"D:\\a\\xet-core\\xet-core\\xet_client\\src\\cas_client\\adaptive_concurrency\\controller.rs","line_number":581}
{"timestamp":"2026-06-26T10:37:51.867572Z","level":"INFO","fields":{"message":"Concurrency control for download: Decreased concurrency from 1 to 1; reason: success ratio below threshold (connection struggling) (success_ratio = 1.000, threshold = 0.500)"},"filename":"D:\\a\\xet-core\\xet-core\\xet_client\\src\\cas_client\\adaptive_concurrency\\controller.rs","line_number":581}
{"timestamp":"2026-06-26T10:37:52.752981Z","level":"INFO","fields":{"message":"Concurrency control for download: Decreased concurrency from 1 to 1; reason: success ratio below threshold (connection struggling) (success_ratio = 1.000, threshold = 0.500)"},"filename":"D:\\a\\xet-core\\xet-core\\xet_client\\src\\cas_client\\adaptive_concurrency\\controller.rs","line_number":581}
{"timestamp":"2026-06-26T10:37:53.510535Z","level":"INFO","fields":{"message":"Concurrency control for download: Decreased concurrency from 1 to 1; reason: success ratio below threshold (connection struggling) (success_ratio = 1.000, threshold = 0.500)"},"filename":"D:\\a\\xet-core\\xet-core\\xet_client\\src\\cas_client\\adaptive_concurrency\\controller.rs","line_number":581}
{"timestamp":"2026-06-26T10:37:54.217686Z","level":"INFO","fields":{"message":"Concurrency control for download: Decreased concurrency from 1 to 1; reason: success ratio below threshold (connection struggling) (success_ratio = 1.000, threshold = 0.500)"},"filename":"D:\\a\\xet-core\\xet-core\\xet_client\\src\\cas_client\\adaptive_concurrency\\controller.rs","line_number":581}
{"timestamp":"2026-06-26T10:37:54.971679Z","level":"INFO","fields":{"message":"Concurrency control for download: Decreased concurrency from 1 to 1; reason: success ratio below threshold (connection struggling) (success_ratio = 1.000, threshold = 0.500)"},"filename":"D:\\a\\xet-core\\xet-core\\xet_client\\src\\cas_client\\adaptive_concurrency\\controller.rs","line_number":581}
{"timestamp":"2026-06-26T10:37:55.827455Z","level":"INFO","fields":{"message":"Concurrency control for download: Decreased concurrency from 1 to 1; reason: success ratio below threshold (connection struggling) (success_ratio = 1.000, threshold = 0.500)"},"filename":"D:\\a\\xet-core\\xet-core\\xet_client\\src\\cas_client\\adaptive_concurrency\\controller.rs","line_number":581}
{"timestamp":"2026-06-26T10:37:56.468752Z","level":"INFO","fields":{"message":"Concurrency control for download: Decreased concurrency from 1 to 1; reason: success ratio below threshold (connection struggling) (success_ratio = 1.000, threshold = 0.500)"},"filename":"D:\\a\\xet-core\\xet-core\\xet_client\\src\\cas_client\\adaptive_concurrency\\controller.rs","line_number":581}
{"timestamp":"2026-06-26T10:37:57.546464Z","level":"INFO","fields":{"message":"Concurrency control for download: Decreased concurrency from 1 to 1; reason: success ratio below threshold (connection struggling) (success_ratio = 1.000, threshold = 0.500)"},"filename":"D:\\a\\xet-core\\xet-core\\xet_client\\src\\cas_client\\adaptive_concurrency\\controller.rs","line_number":581}
{"timestamp":"2026-06-26T10:37:58.312848Z","level":"INFO","fields":{"message":"Concurrency control for download: Decreased concurrency from 1 to 1; reason: success ratio below threshold (connection struggling) (success_ratio = 1.000, threshold = 0.500)"},"filename":"D:\\a\\xet-core\\xet-core\\xet_client\\src\\cas_client\\adaptive_concurrency\\controller.rs","line_number":581}
{"timestamp":"2026-06-26T10:37:58.964305Z","level":"INFO","fields":{"message":"Concurrency control for download: Decreased concurrency from 1 to 1; reason: success ratio below threshold (connection struggling) (success_ratio = 1.000, threshold = 0.500)"},"filename":"D:\\a\\xet-core\\xet-core\\xet_client\\src\\cas_client\\adaptive_concurrency\\controller.rs","line_number":581}
{"timestamp":"2026-06-26T10:37:59.615982Z","level":"INFO","fields":{"message":"Concurrency control for download: Decreased concurrency from 1 to 1; reason: success ratio below threshold (connection struggling) (success_ratio = 1.000, threshold = 0.500)"},"filename":"D:\\a\\xet-core\\xet-core\\xet_client\\src\\cas_client\\adaptive_concurrency\\controller.rs","line_number":581}
{"timestamp":"2026-06-26T10:38:00.353398Z","level":"INFO","fields":{"message":"Concurrency control for download: Decreased concurrency from 1 to 1; reason: success ratio below threshold (connection struggling) (success_ratio = 1.000, threshold = 0.500)"},"filename":"D:\\a\\xet-core\\xet-core\\xet_client\\src\\cas_client\\adaptive_concurrency\\controller.rs","line_number":581}
{"timestamp":"2026-06-26T10:38:00.353435Z","level":"INFO","fields":{"message":"Concurrency control for download: Current concurrency = 1; predicted bandwidth = 320549; success_ratio = 1.000; reference_size = 61.0MB; observed bytes sent so far = 57087722; completed transmissions = 1"},"filename":"D:\\a\\xet-core\\xet-core\\xet_client\\src\\cas_client\\adaptive_concurrency\\controller.rs","line_number":597}
{"timestamp":"2026-06-26T10:38:01.040406Z","level":"INFO","fields":{"message":"Concurrency control for download: Decreased concurrency from 1 to 1; reason: success ratio below threshold (connection struggling) (success_ratio = 1.000, threshold = 0.500)"},"filename":"D:\\a\\xet-core\\xet-core\\xet_client\\src\\cas_client\\adaptive_concurrency\\controller.rs","line_number":581}
{"timestamp":"2026-06-26T10:38:01.725811Z","level":"INFO","fields":{"message":"Concurrency control for download: Decreased concurrency from 1 to 1; reason: success ratio below threshold (connection struggling) (success_ratio = 1.000, threshold = 0.500)"},"filename":"D:\\a\\xet-core\\xet-core\\xet_client\\src\\cas_client\\adaptive_concurrency\\controller.rs","line_number":581}
{"timestamp":"2026-06-26T10:38:02.369843Z","level":"INFO","fields":{"message":"Concurrency control for download: Decreased concurrency from 1 to 1; reason: success ratio below threshold (connection struggling) (success_ratio = 1.000, threshold = 0.500)"},"filename":"D:\\a\\xet-core\\xet-core\\xet_client\\src\\cas_client\\adaptive_concurrency\\controller.rs","line_number":581}
{"timestamp":"2026-06-26T10:38:02.929349Z","level":"INFO","fields":{"message":"Concurrency control for download: Decreased concurrency from 1 to 1; reason: success ratio below threshold (connection struggling) (success_ratio = 1.000, threshold = 0.500)"},"filename":"D:\\a\\xet-core\\xet-core\\xet_client\\src\\cas_client\\adaptive_concurrency\\controller.rs","line_number":581}
{"timestamp":"2026-06-26T10:38:03.785901Z","level":"INFO","fields":{"message":"Concurrency control for download: Decreased concurrency from 1 to 1; reason: success ratio below threshold (connection struggling) (success_ratio = 1.000, threshold = 0.500)"},"filename":"D:\\a\\xet-core\\xet-core\\xet_client\\src\\cas_client\\adaptive_concurrency\\controller.rs","line_number":581}
{"timestamp":"2026-06-26T10:38:04.425899Z","level":"INFO","fields":{"message":"Concurrency control for download: Decreased concurrency from 1 to 1; reason: success ratio below threshold (connection struggling) (success_ratio = 1.000, threshold = 0.500)"},"filename":"D:\\a\\xet-core\\xet-core\\xet_client\\src\\cas_client\\adaptive_concurrency\\controller.rs","line_number":581}
{"timestamp":"2026-06-26T10:38:05.085665Z","level":"INFO","fields":{"message":"Concurrency control for download: Decreased concurrency from 1 to 1; reason: success ratio below threshold (connection struggling) (success_ratio = 1.000, threshold = 0.500)"},"filename":"D:\\a\\xet-core\\xet-core\\xet_client\\src\\cas_client\\adaptive_concurrency\\controller.rs","line_number":581}
{"timestamp":"2026-06-26T10:38:05.743065Z","level":"INFO","fields":{"message":"Concurrency control for download: Decreased concurrency from 1 to 1; reason: success ratio below threshold (connection struggling) (success_ratio = 1.000, threshold = 0.500)"},"filename":"D:\\a\\xet-core\\xet-core\\xet_client\\src\\cas_client\\adaptive_concurrency\\controller.rs","line_number":581}
{"timestamp":"2026-06-26T10:38:06.588610Z","level":"INFO","fields":{"message":"Concurrency control for download: Decreased concurrency from 1 to 1; reason: success ratio below threshold (connection struggling) (success_ratio = 1.000, threshold = 0.500)"},"filename":"D:\\a\\xet-core\\xet-core\\xet_client\\src\\cas_client\\adaptive_concurrency\\controller.rs","line_number":581}
{"timestamp":"2026-06-26T10:38:07.219691Z","level":"INFO","fields":{"message":"Concurrency control for download: Decreased concurrency from 1 to 1; reason: success ratio below threshold (connection struggling) (success_ratio = 1.000, threshold = 0.500)"},"filename":"D:\\a\\xet-core\\xet-core\\xet_client\\src\\cas_client\\adaptive_concurrency\\controller.rs","line_number":581}
{"timestamp":"2026-06-26T10:38:08.474339Z","level":"INFO","fields":{"message":"Concurrency control for download: Decreased concurrency from 1 to 1; reason: success ratio below threshold (connection struggling) (success_ratio = 1.000, threshold = 0.500)"},"filename":"D:\\a\\xet-core\\xet-core\\xet_client\\src\\cas_client\\adaptive_concurrency\\controller.rs","line_number":581}
{"timestamp":"2026-06-26T10:38:09.846651Z","level":"INFO","fields":{"message":"Concurrency control for download: Decreased concurrency from 1 to 1; reason: success ratio below threshold (connection struggling) (success_ratio = 1.000, threshold = 0.500)"},"filename":"D:\\a\\xet-core\\xet-core\\xet_client\\src\\cas_client\\adaptive_concurrency\\controller.rs","line_number":581}
{"timestamp":"2026-06-26T10:38:10.497515Z","level":"INFO","fields":{"message":"Concurrency control for download: Decreased concurrency from 1 to 1; reason: success ratio below threshold (connection struggling) (success_ratio = 1.000, threshold = 0.500)"},"filename":"D:\\a\\xet-core\\xet-core\\xet_client\\src\\cas_client\\adaptive_concurrency\\controller.rs","line_number":581}
{"timestamp":"2026-06-26T10:38:10.497553Z","level":"INFO","fields":{"message":"Concurrency control for download: Current concurrency = 1; predicted bandwidth = 240244; success_ratio = 1.000; reference_size = 61.0MB; observed bytes sent so far = 60479210; completed transmissions = 1"},"filename":"D:\\a\\xet-core\\xet-core\\xet_client\\src\\cas_client\\adaptive_concurrency\\controller.rs","line_number":597}
{"timestamp":"2026-06-26T10:38:11.029095Z","level":"INFO","fields":{"message":"Concurrency control for download: Decreased concurrency from 1 to 1; reason: success ratio below threshold (connection struggling) (success_ratio = 1.000, threshold = 0.500)"},"filename":"D:\\a\\xet-core\\xet-core\\xet_client\\src\\cas_client\\adaptive_concurrency\\controller.rs","line_number":581}
{"timestamp":"2026-06-26T10:38:11.668413Z","level":"INFO","fields":{"message":"Concurrency control for download: Decreased concurrency from 1 to 1; reason: success ratio below threshold (connection struggling) (success_ratio = 1.000, threshold = 0.500)"},"filename":"D:\\a\\xet-core\\xet-core\\xet_client\\src\\cas_client\\adaptive_concurrency\\controller.rs","line_number":581}
{"timestamp":"2026-06-26T10:38:12.182528Z","level":"INFO","fields":{"message":"Concurrency control for download: Decreased concurrency from 1 to 1; reason: success ratio below threshold (connection struggling) (success_ratio = 1.000, threshold = 0.500)"},"filename":"D:\\a\\xet-core\\xet-core\\xet_client\\src\\cas_client\\adaptive_concurrency\\controller.rs","line_number":581}
{"timestamp":"2026-06-26T10:38:12.832516Z","level":"INFO","fields":{"message":"Concurrency control for download: Decreased concurrency from 1 to 1; reason: success ratio below threshold (connection struggling) (success_ratio = 1.000, threshold = 0.500)"},"filename":"D:\\a\\xet-core\\xet-core\\xet_client\\src\\cas_client\\adaptive_concurrency\\controller.rs","line_number":581}
{"timestamp":"2026-06-26T10:38:13.485460Z","level":"INFO","fields":{"message":"Concurrency control for download: Decreased concurrency from 1 to 1; reason: success ratio below threshold (connection struggling) (success_ratio = 1.000, threshold = 0.500)"},"filename":"D:\\a\\xet-core\\xet-core\\xet_client\\src\\cas_client\\adaptive_concurrency\\controller.rs","line_number":581}
{"timestamp":"2026-06-26T10:38:14.107621Z","level":"INFO","fields":{"message":"Concurrency control for download: Decreased concurrency from 1 to 1; reason: success ratio below threshold (connection struggling) (success_ratio = 1.000, threshold = 0.500)"},"filename":"D:\\a\\xet-core\\xet-core\\xet_client\\src\\cas_client\\adaptive_concurrency\\controller.rs","line_number":581}
{"timestamp":"2026-06-26T10:38:15.179256Z","level":"INFO","fields":{"message":"Concurrency control for download: Decreased concurrency from 1 to 1; reason: success ratio below threshold (connection struggling) (success_ratio = 1.000, threshold = 0.500)"},"filename":"D:\\a\\xet-core\\xet-core\\xet_client\\src\\cas_client\\adaptive_concurrency\\controller.rs","line_number":581}
{"timestamp":"2026-06-26T10:38:15.731417Z","level":"INFO","fields":{"message":"Concurrency control for download: Decreased concurrency from 1 to 1; reason: success ratio below threshold (connection struggling) (success_ratio = 1.000, threshold = 0.500)"},"filename":"D:\\a\\xet-core\\xet-core\\xet_client\\src\\cas_client\\adaptive_concurrency\\controller.rs","line_number":581}
{"timestamp":"2026-06-26T10:38:16.429965Z","level":"INFO","fields":{"message":"Concurrency control for download: Decreased concurrency from 1 to 1; reason: success ratio below threshold (connection struggling) (success_ratio = 1.000, threshold = 0.500)"},"filename":"D:\\a\\xet-core\\xet-core\\xet_client\\src\\cas_client\\adaptive_concurrency\\controller.rs","line_number":581}
{"timestamp":"2026-06-26T10:38:17.430434Z","level":"INFO","fields":{"message":"Concurrency control for download: Decreased concurrency from 1 to 1; reason: success ratio below threshold (connection struggling) (success_ratio = 1.000, threshold = 0.500)"},"filename":"D:\\a\\xet-core\\xet-core\\xet_client\\src\\cas_client\\adaptive_concurrency\\controller.rs","line_number":581}
{"timestamp":"2026-06-26T10:38:18.087974Z","level":"INFO","fields":{"message":"Concurrency control for download: Decreased concurrency from 1 to 1; reason: success ratio below threshold (connection struggling) (success_ratio = 1.000, threshold = 0.500)"},"filename":"D:\\a\\xet-core\\xet-core\\xet_client\\src\\cas_client\\adaptive_concurrency\\controller.rs","line_number":581}
{"timestamp":"2026-06-26T10:38:20.018835Z","level":"INFO","fields":{"message":"Concurrency control for download: Decreased concurrency from 1 to 1; reason: success ratio below threshold (connection struggling) (success_ratio = 1.000, threshold = 0.500)"},"filename":"D:\\a\\xet-core\\xet-core\\xet_client\\src\\cas_client\\adaptive_concurrency\\controller.rs","line_number":581}
{"timestamp":"2026-06-26T10:38:21.617324Z","level":"INFO","fields":{"message":"Concurrency control for download: Decreased concurrency from 1 to 1; reason: success ratio below threshold (connection struggling) (success_ratio = 1.000, threshold = 0.500)"},"filename":"D:\\a\\xet-core\\xet-core\\xet_client\\src\\cas_client\\adaptive_concurrency\\controller.rs","line_number":581}
{"timestamp":"2026-06-26T10:38:21.617345Z","level":"INFO","fields":{"message":"Concurrency control for download: Current concurrency = 1; predicted bandwidth = 174715; success_ratio = 1.000; reference_size = 61.0MB; observed bytes sent so far = 64935658; completed transmissions = 1"},"filename":"D:\\a\\xet-core\\xet-core\\xet_client\\src\\cas_client\\adaptive_concurrency\\controller.rs","line_number":597}
{"timestamp":"2026-06-26T10:38:23.205369Z","level":"INFO","fields":{"message":"Concurrency control for download: Decreased concurrency from 1 to 1; reason: success ratio below threshold (connection struggling) (success_ratio = 1.000, threshold = 0.500)"},"filename":"D:\\a\\xet-core\\xet-core\\xet_client\\src\\cas_client\\adaptive_concurrency\\controller.rs","line_number":581}
{"timestamp":"2026-06-26T10:38:24.219520Z","level":"INFO","fields":{"message":"Concurrency control for download: Decreased concurrency from 1 to 1; reason: success ratio below threshold (connection struggling) (success_ratio = 1.000, threshold = 0.500)"},"filename":"D:\\a\\xet-core\\xet-core\\xet_client\\src\\cas_client\\adaptive_concurrency\\controller.rs","line_number":581}
{"timestamp":"2026-06-26T10:38:24.985029Z","level":"INFO","fields":{"message":"Concurrency control for download: Decreased concurrency from 1 to 1; reason: success ratio below threshold (connection struggling) (success_ratio = 1.000, threshold = 0.500)"},"filename":"D:\\a\\xet-core\\xet-core\\xet_client\\src\\cas_client\\adaptive_concurrency\\controller.rs","line_number":581}
{"timestamp":"2026-06-26T10:38:25.808089Z","level":"INFO","fields":{"message":"Concurrency control for download: Decreased concurrency from 1 to 1; reason: success ratio below threshold (connection struggling) (success_ratio = 1.000, threshold = 0.500)"},"filename":"D:\\a\\xet-core\\xet-core\\xet_client\\src\\cas_client\\adaptive_concurrency\\controller.rs","line_number":581}
{"timestamp":"2026-06-26T10:38:26.696161Z","level":"INFO","fields":{"message":"Concurrency control for download: Decreased concurrency from 1 to 1; reason: success ratio below threshold (connection struggling) (success_ratio = 1.000, threshold = 0.500)"},"filename":"D:\\a\\xet-core\\xet-core\\xet_client\\src\\cas_client\\adaptive_concurrency\\controller.rs","line_number":581}
{"timestamp":"2026-06-26T10:38:27.427112Z","level":"INFO","fields":{"message":"Concurrency control for download: Decreased concurrency from 1 to 1; reason: success ratio below threshold (connection struggling) (success_ratio = 1.000, threshold = 0.500)"},"filename":"D:\\a\\xet-core\\xet-core\\xet_client\\src\\cas_client\\adaptive_concurrency\\controller.rs","line_number":581}
{"timestamp":"2026-06-26T10:38:28.060766Z","level":"INFO","fields":{"message":"Concurrency control for download: Decreased concurrency from 1 to 1; reason: success ratio below threshold (connection struggling) (success_ratio = 1.000, threshold = 0.500)"},"filename":"D:\\a\\xet-core\\xet-core\\xet_client\\src\\cas_client\\adaptive_concurrency\\controller.rs","line_number":581}
{"timestamp":"2026-06-26T10:38:29.087505Z","level":"INFO","fields":{"message":"Concurrency control for download: Decreased concurrency from 1 to 1; reason: success ratio below threshold (connection struggling) (success_ratio = 1.000, threshold = 0.500)"},"filename":"D:\\a\\xet-core\\xet-core\\xet_client\\src\\cas_client\\adaptive_concurrency\\controller.rs","line_number":581}
{"timestamp":"2026-06-26T10:38:30.151279Z","level":"INFO","fields":{"message":"Concurrency control for download: Decreased concurrency from 1 to 1; reason: success ratio below threshold (connection struggling) (success_ratio = 1.000, threshold = 0.500)"},"filename":"D:\\a\\xet-core\\xet-core\\xet_client\\src\\cas_client\\adaptive_concurrency\\controller.rs","line_number":581}
{"timestamp":"2026-06-26T10:38:30.940710Z","level":"INFO","fields":{"message":"Concurrency control for download: Decreased concurrency from 1 to 1; reason: success ratio below threshold (connection struggling) (success_ratio = 1.000, threshold = 0.500)"},"filename":"D:\\a\\xet-core\\xet-core\\xet_client\\src\\cas_client\\adaptive_concurrency\\controller.rs","line_number":581}
{"timestamp":"2026-06-26T10:38:31.588345Z","level":"INFO","fields":{"message":"Concurrency control for download: Decreased concurrency from 1 to 1; reason: success ratio below threshold (connection struggling) (success_ratio = 1.000, threshold = 0.500)"},"filename":"D:\\a\\xet-core\\xet-core\\xet_client\\src\\cas_client\\adaptive_concurrency\\controller.rs","line_number":581}
{"timestamp":"2026-06-26T10:38:32.100416Z","level":"INFO","fields":{"message":"Concurrency control for download: Decreased concurrency from 1 to 1; reason: success ratio below threshold (connection struggling) (success_ratio = 1.000, threshold = 0.500)"},"filename":"D:\\a\\xet-core\\xet-core\\xet_client\\src\\cas_client\\adaptive_concurrency\\controller.rs","line_number":581}
{"timestamp":"2026-06-26T10:38:32.100454Z","level":"INFO","fields":{"message":"Concurrency control for download: Current concurrency = 1; predicted bandwidth = 139226; success_ratio = 1.000; reference_size = 61.0MB; observed bytes sent so far = 69359338; completed transmissions = 1"},"filename":"D:\\a\\xet-core\\xet-core\\xet_client\\src\\cas_client\\adaptive_concurrency\\controller.rs","line_number":597}
{"timestamp":"2026-06-26T10:38:32.745626Z","level":"INFO","fields":{"message":"Concurrency control for download: Decreased concurrency from 1 to 1; reason: success ratio below threshold (connection struggling) (success_ratio = 1.000, threshold = 0.500)"},"filename":"D:\\a\\xet-core\\xet-core\\xet_client\\src\\cas_client\\adaptive_concurrency\\controller.rs","line_number":581}
{"timestamp":"2026-06-26T10:38:33.804761Z","level":"INFO","fields":{"message":"Concurrency control for download: Decreased concurrency from 1 to 1; reason: success ratio below threshold (connection struggling) (success_ratio = 1.000, threshold = 0.500)"},"filename":"D:\\a\\xet-core\\xet-core\\xet_client\\src\\cas_client\\adaptive_concurrency\\controller.rs","line_number":581}
{"timestamp":"2026-06-26T10:38:34.509666Z","level":"INFO","fields":{"message":"Concurrency control for download: Decreased concurrency from 1 to 1; reason: success ratio below threshold (connection struggling) (success_ratio = 1.000, threshold = 0.500)"},"filename":"D:\\a\\xet-core\\xet-core\\xet_client\\src\\cas_client\\adaptive_concurrency\\controller.rs","line_number":581}
{"timestamp":"2026-06-26T10:38:35.792334Z","level":"INFO","fields":{"message":"Concurrency control for download: Decreased concurrency from 1 to 1; reason: success ratio below threshold (connection struggling) (success_ratio = 1.000, threshold = 0.500)"},"filename":"D:\\a\\xet-core\\xet-core\\xet_client\\src\\cas_client\\adaptive_concurrency\\controller.rs","line_number":581}
{"timestamp":"2026-06-26T10:38:36.635705Z","level":"INFO","fields":{"message":"Concurrency control for download: Decreased concurrency from 1 to 1; reason: success ratio below threshold (connection struggling) (success_ratio = 1.000, threshold = 0.500)"},"filename":"D:\\a\\xet-core\\xet-core\\xet_client\\src\\cas_client\\adaptive_concurrency\\controller.rs","line_number":581}
{"timestamp":"2026-06-26T10:38:37.254461Z","level":"INFO","fields":{"message":"Concurrency control for download: Decreased concurrency from 1 to 1; reason: success ratio below threshold (connection struggling) (success_ratio = 1.000, threshold = 0.500)"},"filename":"D:\\a\\xet-core\\xet-core\\xet_client\\src\\cas_client\\adaptive_concurrency\\controller.rs","line_number":581}
{"timestamp":"2026-06-26T10:38:37.884558Z","level":"INFO","fields":{"message":"Concurrency control for download: Decreased concurrency from 1 to 1; reason: success ratio below threshold (connection struggling) (success_ratio = 1.000, threshold = 0.500)"},"filename":"D:\\a\\xet-core\\xet-core\\xet_client\\src\\cas_client\\adaptive_concurrency\\controller.rs","line_number":581}
{"timestamp":"2026-06-26T10:38:38.604993Z","level":"INFO","fields":{"message":"Concurrency control for download: Decreased concurrency from 1 to 1; reason: success ratio below threshold (connection struggling) (success_ratio = 1.000, threshold = 0.500)"},"filename":"D:\\a\\xet-core\\xet-core\\xet_client\\src\\cas_client\\adaptive_concurrency\\controller.rs","line_number":581}
{"timestamp":"2026-06-26T10:38:39.729407Z","level":"INFO","fields":{"message":"Concurrency control for download: Decreased concurrency from 1 to 1; reason: success ratio below threshold (connection struggling) (success_ratio = 1.000, threshold = 0.500)"},"filename":"D:\\a\\xet-core\\xet-core\\xet_client\\src\\cas_client\\adaptive_concurrency\\controller.rs","line_number":581}
{"timestamp":"2026-06-26T10:38:41.120026Z","level":"INFO","fields":{"message":"Concurrency control for download: Decreased concurrency from 1 to 1; reason: success ratio below threshold (connection struggling) (success_ratio = 1.000, threshold = 0.500)"},"filename":"D:\\a\\xet-core\\xet-core\\xet_client\\src\\cas_client\\adaptive_concurrency\\controller.rs","line_number":581}
{"timestamp":"2026-06-26T10:38:41.631986Z","level":"INFO","fields":{"message":"Concurrency control for download: Decreased concurrency from 1 to 1; reason: success ratio below threshold (connection struggling) (success_ratio = 1.000, threshold = 0.500)"},"filename":"D:\\a\\xet-core\\xet-core\\xet_client\\src\\cas_client\\adaptive_concurrency\\controller.rs","line_number":581}
{"timestamp":"2026-06-26T10:38:43.288311Z","level":"INFO","fields":{"message":"File reconstruction completed successfully","file_hash":"95d706516af777831fff6b2c35837dfb450afca078db361910d44a435b24dc2c","block_count":1,"total_terms_processed":2,"total_bytes_scheduled":75538270},"filename":"D:\\a\\xet-core\\xet-core\\xet_data\\src\\file_reconstruction\\run_state.rs","line_number":150}
